年,月,日,第一の命数,第二の命数,第三の命数
2010,1,1,49,43,44
2010,2,1,18,18,16
2010,3,1,45,45,49
2010,4,1,16,15,18
2010,5,1,46,50,44
2010,6,1,13,15,16
2010,7,1,43,46,42
2010,8,1,14,17,17
2010,9,1,51,57,51
2010,10,1,21,28,27
2010,11,1,52,56,51
2010,12,1,22,30,27
2010,1,2,48,42,42
2010,2,2,17,17,18
2010,3,2,46,46,44
2010,4,2,13,14,16
2010,5,2,43,47,42
2010,6,2,14,16,17
2010,7,2,44,45,47
2010,8,2,21,26,27
2010,9,2,52,58,51
2010,10,2,22,27,27
2010,11,2,59,53,53
2010,12,2,29,27,23
2010,1,3,47,41,47
2010,2,3,26,26,27
2010,3,3,43,43,42
2010,4,3,14,13,17
2010,5,3,44,48,47
2010,6,3,21,23,27
2010,7,3,51,54,51
2010,8,3,22,25,27
2010,9,3,59,55,53
2010,10,3,29,26,23
2010,11,3,60,54,52
2010,12,3,30,28,28
2010,1,4,56,60,51
2010,2,4,26,26,28
2010,3,4,44,44,47
2010,4,4,21,22,27
2010,5,4,51,55,51
2010,6,4,22,24,27
2010,7,4,52,53,51
2010,8,4,29,24,23
2010,9,4,60,56,52
2010,10,4,30,25,28
2010,11,4,57,51,60
2010,12,4,27,25,26
2010,1,5,59,59,52
2010,2,5,23,23,26
2010,3,5,55,55,56
2010,4,5,26,21,28
2010,5,5,56,56,52
2010,6,5,29,21,23
2010,7,5,59,52,53
2010,8,5,30,23,28
2010,9,5,57,53,60
2010,10,5,27,24,26
2010,11,5,58,52,51
2010,12,5,28,26,21
2010,1,6,58,58,60
2010,2,6,24,24,23
2010,3,6,56,52,52
2010,4,6,23,30,26
2010,5,6,53,53,60
2010,6,6,24,22,24
2010,7,6,60,51,52
2010,8,6,27,22,26
2010,9,6,58,54,51
2010,10,6,28,23,21
2010,11,6,55,59,51
2010,12,6,25,23,25
2010,1,7,57,57,54
2010,2,7,21,21,25
2010,3,7,53,59,60
2010,4,7,24,29,24
2010,5,7,54,54,53
2010,6,7,21,29,25
2010,7,7,51,60,59
2010,8,7,22,22,25
2010,9,7,55,51,51
2010,10,7,25,22,25
2010,11,7,60,60,52
2010,12,7,30,24,26
2010,1,8,56,56,59
2010,2,8,22,22,25
2010,3,8,54,60,54
2010,4,8,21,28,25
2010,5,8,51,51,59
2010,6,8,22,30,25
2010,7,8,52,59,59
2010,8,8,29,29,30
2010,9,8,60,52,52
2010,10,8,30,21,26
2010,11,8,57,57,60
2010,12,8,27,21,24
2010,1,9,55,55,59
2010,2,9,29,29,30
2010,3,9,51,57,59
2010,4,9,22,27,25
2010,5,9,52,52,59
2010,6,9,29,27,29
2010,7,9,59,58,59
2010,8,9,30,30,26
2010,9,9,57,59,60
2010,10,9,27,30,24
2010,11,9,58,58,57
2010,12,9,28,22,28
2010,1,10,54,54,59
2010,2,10,30,30,26
2010,3,10,52,58,59
2010,4,10,29,26,29
2010,5,10,59,59,60
2010,6,10,30,28,26
2010,7,10,60,57,52
2010,8,10,27,27,24
2010,9,10,58,60,58
2010,10,10,28,29,28
2010,11,10,5,5,9
2010,12,10,35,39,33
2010,1,11,53,53,52
2010,2,11,27,27,24
2010,3,11,59,55,59
2010,4,11,30,25,26
2010,5,11,60,60,52
2010,6,11,27,25,24
2010,7,11,57,56,60
2010,8,11,28,28,27
2010,9,11,5,7,9
2010,10,11,35,38,33
2010,11,11,6,6,9
2010,12,11,36,40,33
2010,1,12,52,52,60
2010,2,12,26,26,30
2010,3,12,60,56,52
2010,4,12,27,24,24
2010,5,12,57,57,60
2010,6,12,28,26,28
2010,7,12,58,55,58
2010,8,12,35,35,33
2010,9,12,6,8,9
2010,10,12,36,37,33
2010,11,12,3,3,4
2010,12,12,33,37,33
2010,1,13,51,51,54
2010,2,13,33,33,34
2010,3,13,57,53,60
2010,4,13,26,23,30
2010,5,13,56,60,54
2010,6,13,35,33,33
2010,7,13,5,4,9
2010,8,13,36,36,33
2010,9,13,3,5,3
2010,10,13,33,36,33
2010,11,13,4,4,10
2010,12,13,34,38,36
2010,1,14,10,10,9
2010,2,14,34,34,31
2010,3,14,56,54,54
2010,4,14,33,32,33
2010,5,14,3,7,9
2010,6,14,34,34,33
2010,7,14,6,3,9
2010,8,14,33,33,34
2010,9,14,4,6,10
2010,10,14,34,35,36
2010,11,14,1,1,8
2010,12,14,31,35,34
2010,1,15,7,7,8
2010,2,15,31,31,37
2010,3,15,3,1,9
2010,4,15,34,39,31
2010,5,15,4,8,7
2010,6,15,31,31,37
2010,7,15,1,2,1
2010,8,15,32,38,36
2010,9,15,1,3,8
2010,10,15,31,34,34
2010,11,15,10,8,4
2010,12,15,40,36,38
2010,1,16,6,6,1
2010,2,16,32,32,35
2010,3,16,4,2,7
2010,4,16,31,38,37
2010,5,16,1,5,1
2010,6,16,32,32,36
2010,7,16,2,1,10
2010,8,16,39,35,34
2010,9,16,10,4,4
2010,10,16,40,33,38
2010,11,16,7,5,7
2010,12,16,37,33,33
2010,1,17,5,5,9
2010,2,17,39,39,31
2010,3,17,1,10,1
2010,4,17,32,37,35
2010,5,17,2,6,9
2010,6,17,39,32,40
2010,7,17,9,8,6
2010,8,17,40,36,38
2010,9,17,7,1,7
2010,10,17,37,32,33
2010,11,17,8,6,5
2010,12,17,38,34,31
2010,1,18,2,2,1
2010,2,18,40,40,38
2010,3,18,2,9,9
2010,4,18,39,31,31
2010,5,18,9,3,1
2010,6,18,40,31,38
2010,7,18,10,7,4
2010,8,18,37,33,34
2010,9,18,8,2,5
2010,10,18,38,37,31
2010,11,18,5,3,1
2010,12,18,35,32,35
2010,1,19,1,1,4
2010,2,19,35,35,34
2010,3,19,9,8,1
2010,4,19,40,32,38
2010,5,19,10,4,4
2010,6,19,37,40,34
2010,7,19,7,6,10
2010,8,19,38,34,31
2010,9,19,5,10,1
2010,10,19,35,36,35
2010,11,19,6,4,9
2010,12,19,36,31,33
2010,1,20,10,10,9
2010,2,20,36,36,39
2010,3,20,10,7,4
2010,4,20,35,39,34
2010,5,20,5,7,10
2010,6,20,38,39,39
2010,7,20,8,9,9
2010,8,20,35,31,35
2010,9,20,6,9,9
2010,10,20,36,35,33
2010,11,20,13,11,15
2010,12,20,43,50,45
2010,1,21,9,9,10
2010,2,21,33,33,34
2010,3,21,5,6,10
2010,4,21,36,40,39
2010,5,21,6,8,9
2010,6,21,33,38,33
2010,7,21,5,8,1
2010,8,21,36,32,33
2010,9,21,13,18,15
2010,10,21,43,45,45
2010,11,21,14,12,12
2010,12,21,44,49,48
2010,1,22,8,8,9
2010,2,22,34,34,33
2010,3,22,6,5,9
2010,4,22,33,37,33
2010,5,22,3,5,9
2010,6,22,34,37,33
2010,7,22,4,7,9
2010,8,22,41,47,45
2010,9,22,14,17,12
2010,10,22,44,46,48
2010,11,22,19,17,18
2010,12,22,49,48,44
2010,1,23,7,7,9
2010,2,23,41,41,45
2010,3,23,3,4,9
2010,4,23,34,38,33
2010,5,23,4,6,9
2010,6,23,41,46,45
2010,7,23,11,16,15
2010,8,23,42,48,44
2010,9,23,19,16,18
2010,10,23,49,43,44
2010,11,23,20,18,13
2010,12,23,50,47,43
2010,1,24,16,16,15
2010,2,24,42,42,44
2010,3,24,4,3,9
2010,4,24,41,45,45
2010,5,24,11,13,15
2010,6,24,42,45,44
2010,7,24,12,15,20
2010,8,24,49,45,44
2010,9,24,20,15,13
2010,10,24,50,44,43
2010,11,24,17,15,17
2010,12,24,47,46,43
2010,1,25,15,15,20
2010,2,25,49,49,42
2010,3,25,11,12,15
2010,4,25,42,46,44
2010,5,25,12,14,20
2010,6,25,49,44,44
2010,7,25,19,14,18
2010,8,25,50,46,43
2010,9,25,17,14,17
2010,10,25,47,41,43
2010,11,25,18,16,17
2010,12,25,48,45,43
2010,1,26,14,14,18
2010,2,26,50,50,43
2010,3,26,12,11,20
2010,4,26,49,43,42
2010,5,26,19,11,18
2010,6,26,50,43,43
2010,7,26,20,13,13
2010,8,26,47,43,43
2010,9,26,18,13,17
2010,10,26,48,42,43
2010,11,26,15,13,19
2010,12,26,45,44,49
2010,1,27,13,13,14
2010,2,27,47,47,43
2010,3,27,19,20,18
2010,4,27,50,44,43
2010,5,27,20,12,13
2010,6,27,47,50,43
2010,7,27,17,12,17
2010,8,27,48,44,43
2010,9,27,15,12,19
2010,10,27,45,49,49
2010,11,27,16,14,18
2010,12,27,46,43,44
2010,1,28,12,12,17
2010,2,28,48,48,43
2010,3,28,20,19,13
2010,4,28,47,41,43
2010,5,28,17,19,17
2010,6,28,48,49,43
2010,7,28,18,11,17
2010,8,28,45,41,49
2010,9,28,16,11,18
2010,10,28,46,50,44
2010,11,28,13,11,16
2010,12,28,43,42,42
2010,1,29,11,11,17
2010,3,29,17,18,17
2010,4,29,48,42,43
2010,5,29,18,20,17
2010,6,29,45,48,49
2010,7,29,15,20,19
2010,8,29,46,42,44
2010,9,29,13,20,16
2010,10,29,43,47,42
2010,11,29,14,12,17
2010,12,29,44,41,47
2010,1,30,20,20,19
2010,3,30,18,17,17
2010,4,30,45,49,49
2010,5,30,15,17,19
2010,6,30,46,47,44
2010,7,30,16,19,18
2010,8,30,43,49,42
2010,9,30,14,19,17
2010,10,30,44,48,47
2010,11,30,21,29,27
2010,12,30,51,60,51
2010,1,31,19,19,18
2010,3,31,15,16,19
2010,5,31,16,18,18
2010,7,31,13,18,16
2010,8,31,44,50,47
2010,10,31,51,55,51
2010,12,31,52,59,51
2011,1,1,59,58,53
2011,2,1,30,23,28
2011,3,1,51,52,51
2011,4,1,30,30,23
2011,5,1,60,53,53
2011,6,1,29,22,28
2011,7,1,59,51,52
2011,8,1,28,22,26
2011,9,1,57,54,51
2011,10,1,27,23,21
2011,11,1,56,59,51
2011,12,1,26,23,25
2011,1,2,60,57,52
2011,2,2,27,22,26
2011,3,2,60,59,53
2011,4,2,29,29,28
2011,5,2,59,54,52
2011,6,2,28,29,26
2011,7,2,58,60,60
2011,8,2,27,21,21
2011,9,2,56,51,51
2011,10,2,26,22,25
2011,11,2,55,60,51
2011,12,2,25,24,25
2011,1,3,57,56,60
2011,2,3,28,21,21
2011,3,3,59,60,52
2011,4,3,28,28,26
2011,5,3,58,51,60
2011,6,3,27,30,21
2011,7,3,57,59,51
2011,8,3,26,30,25
2011,9,3,55,52,51
2011,10,3,25,21,25
2011,11,3,54,57,57
2011,12,3,24,21,27
2011,1,4,58,55,51
2011,2,4,25,29,29
2011,3,4,58,57,60
2011,4,4,27,27,21
2011,5,4,57,52,51
2011,6,4,26,27,25
2011,7,4,56,58,51
2011,8,4,25,29,25
2011,9,4,54,59,57
2011,10,4,24,30,27
2011,11,4,53,58,52
2011,12,4,23,22,26
2011,1,5,55,54,51
2011,2,5,26,30,26
2011,3,5,58,52,59
2011,4,5,25,26,29
2011,5,5,56,59,51
2011,6,5,25,28,25
2011,7,5,55,57,51
2011,8,5,24,28,27
2011,9,5,53,60,52
2011,10,5,23,29,26
2011,11,5,2,5,10
2011,12,5,32,39,34
2011,1,6,60,53,52
2011,2,6,23,27,24
2011,3,6,55,55,59
2011,4,6,26,25,26
2011,5,6,56,60,52
2011,6,6,23,25,24
2011,7,6,54,56,57
2011,8,6,23,27,26
2011,9,6,2,7,10
2011,10,6,32,38,34
2011,11,6,1,6,5
2011,12,6,31,40,35
2011,1,7,57,52,60
2011,2,7,24,28,28
2011,3,7,56,56,52
2011,4,7,23,24,24
2011,5,7,53,57,60
2011,6,7,24,26,28
2011,7,7,54,55,58
2011,8,7,32,36,34
2011,9,7,1,8,5
2011,10,7,31,37,35
2011,11,7,10,3,9
2011,12,7,39,37,33
2011,1,8,58,51,58
2011,2,8,31,35,33
2011,3,8,53,53,60
2011,4,8,24,23,28
2011,5,8,54,58,58
2011,6,8,31,33,33
2011,7,8,1,4,9
2011,8,8,32,36,33
2011,9,8,9,5,3
2011,10,8,40,36,35
2011,11,8,10,4,10
2011,12,8,40,38,36
2011,1,9,5,10,9
2011,2,9,32,36,33
2011,3,9,54,54,58
2011,4,9,31,32,33
2011,5,9,1,5,9
2011,6,9,32,34,33
2011,7,9,2,3,9
2011,8,9,39,33,33
2011,9,9,10,6,10
2011,10,9,40,35,36
2011,11,9,7,1,8
2011,12,9,37,35,34
2011,1,10,6,9,9
2011,2,10,39,33,33
2011,3,10,1,1,9
2011,4,10,32,31,33
2011,5,10,2,6,9
2011,6,10,39,31,33
2011,7,10,9,2,3
2011,8,10,40,34,36
2011,9,10,7,3,8
2011,10,10,37,34,34
2011,11,10,8,2,2
2011,12,10,38,36,32
2011,1,11,3,8,3
2011,2,11,40,34,36
2011,3,11,2,2,9
2011,4,11,39,40,33
2011,5,11,9,3,3
2011,6,11,40,32,36
2011,7,11,10,1,10
2011,8,11,37,31,34
2011,9,11,8,4,2
2011,10,11,38,33,32
2011,11,11,5,9,7
2011,12,11,35,33,33
2011,1,12,4,7,10
2011,2,12,37,39,34
2011,3,12,9,9,3
2011,4,12,40,39,36
2011,5,12,10,4,10
2011,6,12,37,39,34
2011,7,12,7,10,8
2011,8,12,38,32,32
2011,9,12,5,1,7
2011,10,12,35,32,33
2011,11,12,6,10,7
2011,12,12,36,34,33
2011,1,13,1,6,8
2011,2,13,38,40,38
2011,3,13,10,10,9
2011,4,13,37,38,34
2011,5,13,7,1,8
2011,6,13,38,40,32
2011,7,13,8,9,2
2011,8,13,35,39,33
2011,9,13,6,2,7
2011,10,13,36,31,33
2011,11,13,3,7,7
2011,12,13,33,31,37
2011,1,14,10,5,4
2011,2,14,35,37,33
2011,3,14,7,7,8
2011,4,14,38,37,38
2011,5,14,8,4,4
2011,6,14,35,37,33
2011,7,14,5,8,7
2011,8,14,36,40,33
2011,9,14,3,9,7
2011,10,14,33,40,37
2011,11,14,4,8,10
2011,12,14,34,32,34
2011,1,15,7,4,7
2011,2,15,35,38,31
2011,3,15,8,8,4
2011,4,15,35,34,33
2011,5,15,5,1,7
2011,6,15,36,38,33
2011,7,15,6,7,7
2011,8,15,33,37,37
2011,9,15,4,10,10
2011,10,15,34,39,34
2011,11,15,11,15,18
2011,12,15,41,49,42
2011,1,16,8,1,5
2011,2,16,34,35,35
2011,3,16,5,5,7
2011,4,16,35,33,31
2011,5,16,6,2,5
2011,6,16,33,35,35
2011,7,16,3,6,1
2011,8,16,34,32,34
2011,9,16,11,17,18
2011,10,16,41,48,42
2011,11,16,12,12,11
2011,12,16,42,50,48
2011,1,17,5,10,1
2011,2,17,33,36,33
2011,3,17,5,5,6
2011,4,17,34,32,35
2011,5,17,4,9,1
2011,6,17,33,37,33
2011,7,17,4,3,10
2011,8,17,41,49,42
2011,9,17,12,18,12
2011,10,17,42,47,48
2011,11,17,19,19,17
2011,12,17,49,47,41
2011,1,18,6,9,9
2011,2,18,42,43,45
2011,3,18,4,4,1
2011,4,18,33,38,33
2011,5,18,3,10,9
2011,6,18,42,46,50
2011,7,18,12,12,14
2011,8,18,42,50,48
2011,9,18,19,15,17
2011,10,18,49,46,41
2011,11,18,20,20,15
2011,12,18,49,47,49
2011,1,19,13,16,15
2011,2,19,41,42,44
2011,3,19,3,3,9
2011,4,19,42,45,45
2011,5,19,12,17,15
2011,6,19,41,45,48
2011,7,19,11,11,12
2011,8,19,50,47,44
2011,9,19,19,15,15
2011,10,19,50,41,49
2011,11,19,18,17,19
2011,12,19,48,46,45
2011,1,20,14,15,12
2011,2,20,50,49,44
2011,3,20,12,12,15
2011,4,20,41,46,44
2011,5,20,11,18,12
2011,6,20,50,44,44
2011,7,20,20,14,18
2011,8,20,49,48,49
2011,9,20,18,14,19
2011,10,20,48,50,45
2011,11,20,17,18,17
2011,12,20,47,45,43
2011,1,21,19,14,18
2011,2,21,49,50,43
2011,3,21,11,11,20
2011,4,21,50,43,44
2011,5,21,20,11,18
2011,6,21,49,43,43
2011,7,21,19,13,13
2011,8,21,48,45,45
2011,9,21,17,13,17
2011,10,21,47,49,43
2011,11,21,16,15,19
2011,12,21,46,44,49
2011,1,22,20,13,13
2011,2,22,48,47,43
2011,3,22,20,20,18
2011,4,22,49,44,43
2011,5,22,19,12,13
2011,6,22,48,42,43
2011,7,22,18,12,17
2011,8,22,47,46,43
2011,9,22,16,12,19
2011,10,22,46,49,49
2011,11,22,15,16,12
2011,12,22,45,43,44
2011,1,23,17,12,17
2011,2,23,47,48,43
2011,3,23,19,19,13
2011,4,23,48,41,43
2011,5,23,18,19,17
2011,6,23,47,41,43
2011,7,23,17,11,17
2011,8,23,46,41,49
2011,9,23,15,11,18
2011,10,23,45,50,46
2011,11,23,14,11,18
2011,12,23,44,42,42
2011,1,24,18,11,17
2011,2,24,46,45,49
2011,3,24,18,18,17
2011,4,24,47,42,43
2011,5,24,17,20,17
2011,6,24,46,50,49
2011,7,24,16,20,19
2011,8,24,45,42,44
2011,9,24,14,20,18
2011,10,24,44,47,42
2011,11,24,13,12,17
2011,12,24,43,41,47
2011,1,25,15,20,19
2011,2,25,45,46,44
2011,3,25,17,17,18
2011,4,25,46,49,49
2011,5,25,16,17,19
2011,6,25,45,49,44
2011,7,25,15,19,18
2011,8,25,44,49,42
2011,9,25,13,19,17
2011,10,25,43,48,47
2011,11,25,22,29,27
2011,12,25,52,60,51
2011,1,26,16,19,18
2011,2,26,44,43,42
2011,3,26,16,16,19
2011,4,26,45,50,44
2011,5,26,15,18,18
2011,6,26,44,48,42
2011,7,26,14,18,18
2011,8,26,43,50,47
2011,9,26,22,28,27
2011,10,26,52,55,51
2011,11,26,21,30,27
2011,12,26,51,59,51
2011,1,27,13,18,16
2011,2,27,43,44,47
2011,3,27,15,15,18
2011,4,27,44,47,42
2011,5,27,14,15,16
2011,6,27,43,45,47
2011,7,27,13,17,17
2011,8,27,52,57,51
2011,9,27,21,27,27
2011,10,27,51,56,51
2011,11,27,30,27,23
2011,12,27,60,58,53
2011,1,28,14,17,17
2011,2,28,52,51,51
2011,3,28,14,14,16
2011,4,28,43,48,47
2011,5,28,13,16,17
2011,6,28,52,54,51
2011,7,28,22,26,27
2011,8,28,51,58,51
2011,9,28,30,26,23
2011,10,28,60,53,53
2011,11,28,29,28,28
2011,12,28,59,57,52
2011,1,29,21,26,27
2011,3,29,13,13,17
2011,4,29,52,55,51
2011,5,29,22,23,27
2011,6,29,51,53,51
2011,7,29,21,25,27
2011,8,29,60,55,53
2011,9,29,29,25,28
2011,10,29,59,54,52
2011,11,29,28,25,26
2011,12,29,58,56,60
2011,1,30,22,25,27
2011,3,30,22,22,27
2011,4,30,51,56,51
2011,5,30,21,24,27
2011,6,30,60,52,53
2011,7,30,30,24,23
2011,8,30,59,56,52
2011,9,30,28,24,26
2011,10,30,58,51,60
2011,11,30,27,26,21
2011,12,30,57,55,51
2011,1,31,29,24,23
2011,3,31,21,21,27
2011,5,31,30,21,23
2011,7,31,29,23,28
2011,8,31,58,53,60
2011,10,31,57,52,51
2011,12,31,56,54,51
2012,1,1,55,53,51
2012,2,1,24,28,27
2012,3,1,60,56,51
2012,4,1,27,24,27
2012,5,1,57,57,58
2012,6,1,28,26,26
2012,7,1,58,55,52
2012,8,1,35,36,34
2012,9,1,6,8,5
2012,10,1,36,37,35
2012,11,1,3,3,9
2012,12,1,33,37,35
2012,1,2,54,52,57
2012,2,2,23,27,26
2012,3,2,57,53,57
2012,4,2,28,23,26
2012,5,2,58,58,52
2012,6,2,35,33,34
2012,7,2,5,4,10
2012,8,2,36,35,35
2012,9,2,3,5,9
2012,10,2,33,36,35
2012,11,2,4,4,9
2012,12,2,34,38,35
2012,1,3,53,51,52
2012,2,3,32,36,34
2012,3,3,58,54,52
2012,4,3,35,32,34
2012,5,3,5,5,10
2012,6,3,36,34,35
2012,7,3,6,3,5
2012,8,3,33,34,35
2012,9,3,4,6,9
2012,10,3,34,35,35
2012,11,3,1,1,2
2012,12,3,31,35,31
2012,1,4,2,10,10
2012,2,4,31,36,33
2012,3,4,5,1,10
2012,4,4,31,31,33
2012,5,4,6,6,5
2012,6,4,33,31,35
2012,7,4,3,2,9
2012,8,4,34,33,35
2012,9,4,1,3,1
2012,10,4,31,34,31
2012,11,4,2,2,10
2012,12,4,32,36,36
2012,1,5,1,9,5
2012,2,5,40,33,33
2012,3,5,1,2,9
2012,4,5,40,40,33
2012,5,5,10,3,3
2012,6,5,39,32,36
2012,7,5,4,1,9
2012,8,5,31,32,31
2012,9,5,2,4,10
2012,10,5,32,33,36
2012,11,5,9,9,8
2012,12,5,39,33,34
2012,1,6,9,8,3
2012,2,6,39,34,36
2012,3,6,10,9,3
2012,4,6,39,39,36
2012,5,6,9,4,10
2012,6,6,38,39,34
2012,7,6,8,9,8
2012,8,6,32,31,36
2012,9,6,9,1,8
2012,10,6,39,32,34
2012,11,6,10,10,9
2012,12,6,40,34,39
2012,1,7,10,7,10
2012,2,7,38,31,34
2012,3,7,9,10,10
2012,4,7,38,38,34
2012,5,7,8,1,8
2012,6,7,37,40,32
2012,7,7,7,9,2
2012,8,7,36,39,33
2012,9,7,5,2,7
2012,10,7,40,31,39
2012,11,7,4,7,7
2012,12,7,34,31,37
2012,1,8,7,6,8
2012,2,8,37,32,32
2012,3,8,8,7,8
2012,4,8,37,37,32
2012,5,8,7,2,2
2012,6,8,36,37,33
2012,7,8,6,8,7
2012,8,8,35,40,33
2012,9,8,4,9,7
2012,10,8,34,40,37
2012,11,8,3,8,10
2012,12,8,33,32,34
2012,1,9,8,5,2
2012,2,9,36,39,33
2012,3,9,7,8,2
2012,4,9,36,36,33
2012,5,9,6,9,7
2012,6,9,35,38,33
2012,7,9,5,7,7
2012,8,9,34,37,37
2012,9,9,3,10,10
2012,10,9,33,39,34
2012,11,9,12,15,18
2012,12,9,42,49,42
2012,1,10,5,4,7
2012,2,10,35,40,33
2012,3,10,6,5,7
2012,4,10,35,35,33
2012,5,10,5,10,7
2012,6,10,34,35,37
2012,7,10,4,6,7
2012,8,10,33,38,34
2012,9,10,12,17,18
2012,10,10,42,48,42
2012,11,10,11,16,16
2012,12,10,41,50,46
2012,1,11,6,3,7
2012,2,11,34,37,37
2012,3,11,5,6,7
2012,4,11,34,33,37
2012,5,11,4,7,7
2012,6,11,33,36,34
2012,7,11,3,5,10
2012,8,11,42,45,42
2012,9,11,11,18,16
2012,10,11,41,47,46
2012,11,11,20,13,17
2012,12,11,50,47,41
2012,1,12,3,2,7
2012,2,12,33,36,34
2012,3,12,4,3,7
2012,4,12,33,33,34
2012,5,12,3,8,10
2012,6,12,42,43,42
2012,7,12,12,14,18
2012,8,12,41,46,46
2012,9,12,20,15,17
2012,10,12,50,46,41
2012,11,12,19,14,17
2012,12,12,49,48,41
2012,1,13,4,1,10
2012,2,13,42,43,42
2012,3,13,3,4,10
2012,4,13,42,42,41
2012,5,13,12,17,18
2012,6,13,41,44,48
2012,7,13,11,13,16
2012,8,13,50,43,41
2012,9,13,19,16,17
2012,10,13,49,45,41
2012,11,13,18,11,11
2012,12,13,48,45,41
2012,1,14,11,20,18
2012,2,14,49,44,48
2012,3,14,12,11,18
2012,4,14,49,49,48
2012,5,14,11,18,12
2012,6,14,50,41,41
2012,7,14,20,12,17
2012,8,14,49,44,41
2012,9,14,18,13,11
2012,10,14,48,44,41
2012,11,14,17,12,18
2012,12,14,47,46,44
2012,1,15,12,19,12
2012,2,15,48,41,44
2012,3,15,19,12,12
2012,4,15,48,48,44
2012,5,15,18,15,17
2012,6,15,47,42,49
2012,7,15,19,11,17
2012,8,15,48,45,45
2012,9,15,17,14,18
2012,10,15,47,43,44
2012,11,15,16,15,16
2012,12,15,46,43,42
2012,1,16,19,16,17
2012,2,16,47,42,49
2012,3,16,18,20,18
2012,4,16,47,47,49
2012,5,16,17,16,15
2012,6,16,46,42,45
2012,7,16,18,20,19
2012,8,16,47,46,44
2012,9,16,16,11,16
2012,10,16,46,42,42
2012,11,16,15,16,12
2012,12,16,45,44,46
2012,1,17,19,15,15
2012,2,17,41,49,45
2012,3,17,17,19,15
2012,4,17,41,41,45
2012,5,17,16,13,19
2012,6,17,45,41,43
2012,7,17,15,17,18
2012,8,17,44,43,48
2012,9,17,13,12,12
2012,10,17,45,41,46
2012,11,17,12,13,15
2012,12,17,42,41,41
2012,1,18,18,14,19
2012,2,18,42,50,43
2012,3,18,11,18,19
2012,4,18,42,42,43
2012,5,18,12,14,17
2012,6,18,49,50,49
2012,7,18,14,16,14
2012,8,18,43,44,46
2012,9,18,12,20,18
2012,10,18,49,46,41
2012,11,18,11,14,13
2012,12,18,41,41,49
2012,1,19,17,11,17
2012,2,19,49,45,49
2012,3,19,12,17,17
2012,4,19,49,49,50
2012,5,19,19,11,19
2012,6,19,50,49,46
2012,7,19,13,15,12
2012,8,19,42,41,42
2012,9,19,11,19,13
2012,10,19,41,45,49
2012,11,19,30,21,29
2012,12,19,60,60,53
2012,1,20,16,20,19
2012,2,20,50,46,44
2012,3,20,19,16,19
2012,4,20,50,50,44
2012,5,20,20,18,18
2012,6,20,47,48,42
2012,7,20,17,18,18
2012,8,20,48,42,47
2012,9,20,25,28,29
2012,10,20,60,54,53
2012,11,20,26,22,27
2012,12,20,56,59,51
2012,1,21,15,19,18
2012,2,21,47,43,42
2012,3,21,20,15,18
2012,4,21,47,47,42
2012,5,21,17,15,18
2012,6,21,48,47,47
2012,7,21,18,17,17
2012,8,21,55,59,53
2012,9,21,26,27,27
2012,10,21,56,56,51
2012,11,21,23,29,23
2012,12,21,53,58,53
2012,1,22,14,18,18
2012,2,22,48,44,47
2012,3,22,17,14,18
2012,4,22,48,48,47
2012,5,22,18,16,17
2012,6,22,55,56,51
2012,7,22,25,26,27
2012,8,22,56,58,51
2012,9,22,23,26,23
2012,10,22,53,53,54
2012,11,22,24,28,28
2012,12,22,54,57,52
2012,1,23,13,17,17
2012,2,23,55,51,51
2012,3,23,18,13,17
2012,4,23,55,55,51
2012,5,23,25,23,27
2012,6,23,56,55,51
2012,7,23,26,25,27
2012,8,23,53,55,53
2012,9,23,24,25,28
2012,10,23,54,54,52
2012,11,23,21,25,26
2012,12,23,51,56,52
2012,1,24,22,26,27
2012,2,24,56,52,51
2012,3,24,25,22,27
2012,4,24,56,56,51
2012,5,24,26,24,27
2012,6,24,53,54,53
2012,7,24,23,24,23
2012,8,24,54,56,52
2012,9,24,21,24,26
2012,10,24,51,51,52
2012,11,24,22,26,21
2012,12,24,52,55,51
2012,1,25,21,25,27
2012,2,25,53,59,53
2012,3,25,26,21,27
2012,4,25,53,53,54
2012,5,25,23,21,23
2012,6,25,54,53,52
2012,7,25,24,23,28
2012,8,25,51,53,52
2012,9,25,22,23,21
2012,10,25,52,52,51
2012,11,25,29,23,25
2012,12,25,59,54,51
2012,1,26,30,24,23
2012,2,26,54,60,52
2012,3,26,23,30,23
2012,4,26,54,54,52
2012,5,26,24,22,28
2012,6,26,51,60,60
2012,7,26,21,22,26
2012,8,26,52,54,51
2012,9,26,29,22,25
2012,10,26,59,59,51
2012,11,26,30,24,25
2012,12,26,60,53,51
2012,1,27,29,23,28
2012,2,27,51,57,60
2012,3,27,24,29,28
2012,4,27,51,51,60
2012,5,27,21,29,26
2012,6,27,52,59,51
2012,7,27,22,21,21
2012,8,27,59,51,51
2012,9,27,30,21,25
2012,10,27,60,60,51
2012,11,27,27,21,27
2012,12,27,57,52,57
2012,1,28,28,22,26
2012,2,28,52,58,51
2012,3,28,21,28,26
2012,4,28,52,52,51
2012,5,28,22,30,21
2012,6,28,59,58,51
2012,7,28,29,30,25
2012,8,28,60,52,51
2012,9,28,27,30,27
2012,10,28,57,57,58
2012,11,28,28,22,26
2012,12,28,58,51,52
2012,1,29,27,21,21
2012,2,29,59,55,51
2012,3,29,22,27,21
2012,4,29,59,59,51
2012,5,29,29,27,25
2012,6,29,60,57,51
2012,7,29,30,29,25
2012,8,29,57,59,57
2012,9,29,28,29,26
2012,10,29,58,58,52
2012,11,29,35,39,34
2012,12,29,5,10,10
2012,1,30,26,30,25
2012,3,30,29,26,25
2012,4,30,60,60,51
2012,5,30,30,28,25
2012,6,30,57,56,57
2012,7,30,27,28,27
2012,8,30,58,60,52
2012,9,30,35,38,34
2012,10,30,5,5,10
2012,11,30,36,40,35
2012,12,30,6,9,5
2012,1,31,25,29,25
2012,3,31,30,25,25
2012,5,31,27,25,27
2012,7,31,28,27,26
2012,8,31,5,7,10
2012,10,31,6,6,5
2012,12,31,3,8,9
2013,1,1,4,7,9
2013,2,1,31,32,31
2013,3,1,1,9,9
2013,4,1,32,39,35
2013,5,1,2,4,9
2013,6,1,39,39,31
2013,7,1,9,10,1
2013,8,1,40,31,36
2013,9,1,7,1,8
2013,10,1,37,32,34
2013,11,1,8,10,9
2013,12,1,38,34,39
2013,1,2,1,6,1
2013,2,2,32,31,36
2013,3,2,2,10,9
2013,4,2,39,38,31
2013,5,2,9,1,1
2013,6,2,40,40,36
2013,7,2,10,9,10
2013,8,2,37,40,34
2013,9,2,8,2,9
2013,10,2,38,31,39
2013,11,2,5,7,9
2013,12,2,35,31,33
2013,1,3,2,5,10
2013,2,3,39,40,34
2013,3,3,9,7,1
2013,4,3,40,37,36
2013,5,3,10,2,10
2013,6,3,37,37,34
2013,7,3,7,8,8
2013,8,3,38,39,39
2013,9,3,5,9,9
2013,10,3,35,40,33
2013,11,3,6,8,9
2013,12,3,36,32,33
2013,1,4,9,4,8
2013,2,4,40,40,33
2013,3,4,10,8,10
2013,4,4,37,36,34
2013,5,4,7,9,8
2013,6,4,38,38,39
2013,7,4,8,7,9
2013,8,4,35,38,33
2013,9,4,6,10,9
2013,10,4,36,39,33
2013,11,4,13,15,15
2013,12,4,43,49,45
2013,1,5,5,3,7
2013,2,5,37,37,38
2013,3,5,9,5,7
2013,4,5,40,35,33
2013,5,5,10,10,7
2013,6,5,37,35,37
2013,7,5,5,6,9
2013,8,5,36,37,33
2013,9,5,13,17,15
2013,10,5,43,48,45
2013,11,5,14,16,20
2013,12,5,44,50,44
2013,1,6,4,2,7
2013,2,6,38,38,34
2013,3,6,10,6,7
2013,4,6,37,34,37
2013,5,6,7,7,8
2013,6,6,38,36,34
2013,7,6,8,6,10
2013,8,6,43,46,45
2013,9,6,14,18,20
2013,10,6,44,47,44
2013,11,6,11,13,18
2013,12,6,41,47,42
2013,1,7,3,1,10
2013,2,7,45,45,42
2013,3,7,7,3,7
2013,4,7,38,33,34
2013,5,7,8,8,10
2013,6,7,45,43,42
2013,7,7,15,14,18
2013,8,7,46,46,45
2013,9,7,13,15,17
2013,10,7,41,46,42
2013,11,7,14,14,17
2013,12,7,44,48,41
2013,1,8,12,20,18
2013,2,8,46,46,45
2013,3,8,8,4,10
2013,4,8,45,42,42
2013,5,8,15,15,18
2013,6,8,46,44,46
2013,7,8,16,13,16
2013,8,8,43,43,41
2013,9,8,14,16,17
2013,10,8,44,45,41
2013,11,8,11,11,12
2013,12,8,41,45,41
2013,1,9,11,19,16
2013,2,9,43,43,41
2013,3,9,15,11,18
2013,4,9,46,41,46
2013,5,9,16,16,15
2013,6,9,43,41,41
2013,7,9,13,12,17
2013,8,9,44,44,41
2013,9,9,11,13,11
2013,10,9,41,44,41
2013,11,9,12,12,18
2013,12,9,42,46,44
2013,1,10,20,18,17
2013,2,10,44,44,41
2013,3,10,16,12,16
2013,4,10,43,50,41
2013,5,10,13,13,17
2013,6,10,44,42,41
2013,7,10,14,11,17
2013,8,10,41,41,42
2013,9,10,12,14,18
2013,10,10,42,43,44
2013,11,10,19,19,16
2013,12,10,49,43,42
2013,1,11,19,17,17
2013,2,11,41,41,42
2013,3,11,13,19,17
2013,4,11,44,49,41
2013,5,11,14,14,17
2013,6,11,41,49,41
2013,7,11,11,20,11
2013,8,11,42,42,44
2013,9,11,19,18,16
2013,10,11,49,42,42
2013,11,11,20,20,19
2013,12,11,50,44,50
2013,1,12,18,16,11
2013,2,12,44,50,44
2013,3,12,14,20,17
2013,4,12,41,48,41
2013,5,12,11,11,12
2013,6,12,42,50,44
2013,7,12,12,19,18
2013,8,12,49,49,42
2013,9,12,20,12,20
2013,10,12,50,41,50
2013,11,12,17,17,15
2013,12,12,47,41,41
2013,1,13,17,15,18
2013,2,13,41,47,42
2013,3,13,13,17,19
2013,4,13,44,47,44
2013,5,13,14,14,18
2013,6,13,41,47,42
2013,7,13,19,18,16
2013,8,13,50,50,49
2013,9,13,17,19,15
2013,10,13,47,50,41
2013,11,13,18,18,15
2013,12,13,48,42,41
2013,1,14,16,14,16
2013,2,14,42,48,46
2013,3,14,14,18,18
2013,4,14,41,46,42
2013,5,14,11,11,16
2013,6,14,42,48,46
2013,7,14,20,17,20
2013,8,14,47,47,41
2013,9,14,18,20,15
2013,10,14,48,49,41
2013,11,14,25,25,26
2013,12,14,55,59,55
2013,1,15,13,11,12
2013,2,15,49,45,42
2013,3,15,11,15,14
2013,4,15,42,43,46
2013,5,15,12,12,11
2013,6,15,49,45,41
2013,7,15,19,16,15
2013,8,15,50,42,41
2013,9,15,27,27,29
2013,10,15,55,58,55
2013,11,15,28,22,28
2013,12,15,58,60,52
2013,1,16,12,20,18
2013,2,16,50,46,49
2013,3,16,12,15,12
2013,4,16,49,42,42
2013,5,16,19,19,18
2013,6,16,50,47,49
2013,7,16,20,15,15
2013,8,16,57,59,53
2013,9,16,28,28,27
2013,10,16,58,57,52
2013,11,16,25,29,26
2013,12,16,55,57,60
2013,1,17,11,19,13
2013,2,17,57,53,53
2013,3,17,19,14,18
2013,4,17,50,41,49
2013,5,17,20,20,13
2013,6,17,57,56,53
2013,7,17,27,22,29
2013,8,17,58,60,52
2013,9,17,25,25,22
2013,10,17,55,56,60
2013,11,17,26,30,30
2013,12,17,56,58,56
2013,1,18,26,25,29
2013,2,18,58,54,51
2013,3,18,20,13,17
2013,4,18,57,55,53
2013,5,18,27,27,29
2013,6,18,58,55,51
2013,7,18,28,21,27
2013,8,18,55,57,58
2013,9,18,26,25,30
2013,10,18,56,51,56
2013,11,18,23,27,26
2013,12,18,53,56,52
2013,1,19,26,25,27
2013,2,19,51,59,53
2013,3,19,27,22,29
2013,4,19,58,56,51
2013,5,19,28,28,27
2013,6,19,55,54,53
2013,7,19,25,30,22
2013,8,19,56,58,56
2013,9,19,23,24,26
2013,10,19,53,60,52
2013,11,19,24,28,23
2013,12,19,54,55,57
2013,1,20,23,24,23
2013,2,20,52,60,52
2013,3,20,24,21,27
2013,4,20,51,53,53
2013,5,20,21,21,23
2013,6,20,52,53,52
2013,7,20,26,23,30
2013,8,20,53,55,52
2013,9,20,24,23,21
2013,10,20,54,59,57
2013,11,20,21,25,27
2013,12,20,51,54,53
2013,1,21,24,23,28
2013,2,21,59,57,52
2013,3,21,21,30,23
2013,4,21,52,54,52
2013,5,21,22,22,28
2013,6,21,59,52,52
2013,7,21,23,22,26
2013,8,21,54,56,51
2013,9,21,21,22,27
2013,10,21,51,59,53
2013,11,21,22,26,25
2013,12,21,52,53,51
2013,1,22,21,22,26
2013,2,22,60,58,51
2013,3,22,22,29,28
2013,4,22,59,51,52
2013,5,22,29,29,26
2013,6,22,60,51,51
2013,7,22,30,21,21
2013,8,22,57,51,51
2013,9,22,28,21,25
2013,10,22,52,60,51
2013,11,22,25,21,27
2013,12,22,55,52,57
2013,1,23,22,21,21
2013,2,23,57,55,51
2013,3,23,29,28,26
2013,4,23,60,52,51
2013,5,23,30,30,21
2013,6,23,57,60,51
2013,7,23,27,30,25
2013,8,23,58,52,51
2013,9,23,25,30,27
2013,10,23,55,57,57
2013,11,23,26,22,26
2013,12,23,56,51,52
2013,1,24,29,30,25
2013,2,24,58,56,51
2013,3,24,30,27,21
2013,4,24,57,59,51
2013,5,24,27,27,25
2013,6,24,58,59,51
2013,7,24,28,29,25
2013,8,24,55,59,57
2013,9,24,26,29,26
2013,10,24,56,58,52
2013,11,24,33,39,36
2013,12,24,3,10,10
2013,1,25,30,29,25
2013,2,25,55,53,57
2013,3,25,27,26,25
2013,4,25,58,60,51
2013,5,25,28,28,25
2013,6,25,55,58,57
2013,7,25,25,28,27
2013,8,25,56,60,52
2013,9,25,33,38,36
2013,10,25,3,5,10
2013,11,25,34,40,35
2013,12,25,4,9,5
2013,1,26,27,28,27
2013,2,26,56,54,52
2013,3,26,28,25,25
2013,4,26,55,57,57
2013,5,26,25,25,27
2013,6,26,56,55,52
2013,7,26,26,27,26
2013,8,26,3,7,10
2013,9,26,34,37,35
2013,10,26,4,6,5
2013,11,26,31,37,35
2013,12,26,1,8,9
2013,1,27,28,27,26
2013,2,27,3,1,10
2013,3,27,25,24,27
2013,4,27,56,58,52
2013,5,27,26,26,25
2013,6,27,3,4,10
2013,7,27,33,36,36
2013,8,27,4,8,5
2013,9,27,31,36,35
2013,10,27,1,3,9
2013,11,27,32,38,35
2013,12,27,2,7,9
2013,1,28,35,36,34
2013,2,28,4,2,5
2013,3,28,26,23,26
2013,4,28,3,5,10
2013,5,28,33,33,34
2013,6,28,4,3,5
2013,7,28,34,35,35
2013,8,28,1,5,9
2013,9,28,32,35,35
2013,10,28,2,4,9
2013,11,28,39,35,31
2013,12,28,9,6,1
2013,1,29,36,35,35
2013,3,29,33,32,34
2013,4,29,4,6,5
2013,5,29,34,34,35
2013,6,29,1,2,9
2013,7,29,31,34,35
2013,8,29,2,6,9
2013,9,29,39,34,31
2013,10,29,9,1,1
2013,11,29,40,36,36
2013,12,29,10,5,10
2013,1,30,33,34,35
2013,3,30,34,31,35
2013,4,30,1,3,9
2013,5,30,31,31,35
2013,6,30,2,1,9
2013,7,30,32,33,35
2013,8,30,9,3,1
2013,9,30,40,33,36
2013,10,30,10,2,10
2013,11,30,37,33,34
2013,12,30,7,4,8
2013,1,31,34,33,35
2013,3,31,31,40,35
2013,5,31,32,32,35
2013,7,31,39,32,31
2013,8,31,10,4,10
2013,10,31,7,9,8
2013,12,31,8,3,9
2014,1,1,5,2,9
2014,2,1,36,37,33
2014,3,1,7,6,9
2014,4,1,36,34,33
2014,5,1,6,7,9
2014,6,1,35,36,33
2014,7,1,5,5,9
2014,8,1,44,46,45
2014,9,1,13,18,20
2014,10,1,43,47,44
2014,11,1,12,13,18
2014,12,1,42,47,42
2014,1,2,6,1,9
2014,2,2,43,46,45
2014,3,2,6,3,9
2014,4,2,35,33,33
2014,5,2,5,8,9
2014,6,2,44,43,45
2014,7,2,14,14,15
2014,8,2,43,45,44
2014,9,2,12,15,18
2014,10,2,42,46,42
2014,11,2,11,14,13
2014,12,2,41,48,43
2014,1,3,13,20,15
2014,2,3,44,45,44
2014,3,3,5,4,9
2014,4,3,44,42,45
2014,5,3,14,15,15
2014,6,3,43,44,44
2014,7,3,13,13,20
2014,8,3,42,44,42
2014,9,3,11,16,13
2014,10,3,41,45,43
2014,11,3,20,11,17
2014,12,3,50,50,43
2014,1,4,14,19,20
2014,2,4,41,43,41
2014,3,4,14,11,15
2014,4,4,43,41,44
2014,5,4,13,16,20
2014,6,4,42,41,42
2014,7,4,12,12,18
2014,8,4,41,43,43
2014,9,4,20,13,17
2014,10,4,50,44,43
2014,11,4,19,12,17
2014,12,4,49,46,43
2014,1,5,13,18,17
2014,2,5,42,44,41
2014,3,5,13,12,20
2014,4,5,41,50,41
2014,5,5,11,13,17
2014,6,5,41,42,43
2014,7,5,11,11,13
2014,8,5,50,42,43
2014,9,5,19,14,17
2014,10,5,49,43,43
2014,11,5,18,19,19
2014,12,5,48,43,49
2014,1,6,14,17,17
2014,2,6,49,41,41
2014,3,6,11,19,17
2014,4,6,42,49,41
2014,5,6,12,14,17
2014,6,6,49,49,41
2014,7,6,20,20,17
2014,8,6,49,41,43
2014,9,6,18,11,19
2014,10,6,48,42,49
2014,11,6,17,20,18
2014,12,6,47,44,44
2014,1,7,11,16,11
2014,2,7,50,42,44
2014,3,7,12,20,17
2014,4,7,49,48,41
2014,5,7,19,11,11
2014,6,7,50,50,44
2014,7,7,20,19,18
2014,8,7,47,49,42
2014,9,7,17,12,18
2014,10,7,47,41,44
2014,11,7,15,17,15
2014,12,7,45,41,41
2014,1,8,12,15,18
2014,2,8,47,49,42
2014,3,8,19,17,11
2014,4,8,50,47,44
2014,5,8,20,12,18
2014,6,8,47,47,42
2014,7,8,17,18,16
2014,8,8,48,50,50
2014,9,8,15,19,15
2014,10,8,45,50,41
2014,11,8,16,18,15
2014,12,8,46,42,41
2014,1,9,19,14,16
2014,2,9,48,50,50
2014,3,9,20,18,18
2014,4,9,47,46,42
2014,5,9,17,19,16
2014,6,9,48,48,50
2014,7,9,18,17,20
2014,8,9,45,47,41
2014,9,9,16,20,15
2014,10,9,46,49,41
2014,11,9,23,25,25
2014,12,9,53,59,55
2014,1,10,20,13,20
2014,2,10,45,47,41
2014,3,10,17,15,16
2014,4,10,48,45,50
2014,5,10,18,20,20
2014,6,10,45,45,41
2014,7,10,15,16,15
2014,8,10,46,48,44
2014,9,10,23,27,25
2014,10,10,53,58,55
2014,11,10,24,26,28
2014,12,10,54,60,52
2014,1,11,17,12,15
2014,2,11,46,48,41
2014,3,11,18,16,20
2014,4,11,45,44,41
2014,5,11,15,17,15
2014,6,11,46,46,41
2014,7,11,16,15,15
2014,8,11,53,55,55
2014,9,11,24,28,28
2014,10,11,54,57,52
2014,11,11,21,23,26
2014,12,11,51,57,60
2014,1,12,18,11,15
2014,2,12,53,53,54
2014,3,12,15,13,15
2014,4,12,46,43,41
2014,5,12,16,18,15
2014,6,12,53,53,55
2014,7,12,23,24,25
2014,8,12,54,56,52
2014,9,12,21,25,26
2014,10,12,51,56,60
2014,11,12,22,24,24
2014,12,12,52,58,54
2014,1,13,27,30,29
2014,2,13,54,54,52
2014,3,13,16,14,15
2014,4,13,53,52,53
2014,5,13,23,27,29
2014,6,13,54,54,52
2014,7,13,24,23,28
2014,8,13,51,53,60
2014,9,13,22,26,24
2014,10,13,52,55,54
2014,11,13,29,21,25
2014,12,13,59,55,59
2014,1,14,28,29,28
2014,2,14,51,51,58
2014,3,14,23,21,29
2014,4,14,54,51,52
2014,5,14,24,28,28
2014,6,14,51,51,60
2014,7,14,21,22,26
2014,8,14,52,54,54
2014,9,14,29,23,25
2014,10,14,59,54,59
2014,11,14,30,22,25
2014,12,14,60,56,59
2014,1,15,25,26,22
2014,2,15,53,52,56
2014,3,15,24,22,28
2014,4,15,51,58,58
2014,5,15,21,25,22
2014,6,15,52,52,56
2014,7,15,22,21,30
2014,8,15,59,55,59
2014,9,15,30,24,25
2014,10,15,60,53,59
2014,11,15,27,25,27
2014,12,15,57,53,53
2014,1,16,26,25,30
2014,2,16,52,59,52
2014,3,16,21,29,22
2014,4,16,53,57,56
2014,5,16,23,26,30
2014,6,16,59,59,60
2014,7,16,29,30,25
2014,8,16,60,56,59
2014,9,16,27,21,27
2014,10,16,57,52,53
2014,11,16,28,26,26
2014,12,16,58,54,52
2014,1,17,23,24,26
2014,2,17,51,60,51
2014,3,17,23,29,30
2014,4,17,52,56,52
2014,5,17,22,23,26
2014,6,17,51,51,57
2014,7,17,30,27,23
2014,8,17,57,53,53
2014,9,17,28,22,26
2014,10,17,58,51,52
2014,11,17,25,23,22
2014,12,17,55,51,56
2014,1,18,24,21,21
2014,2,18,60,57,53
2014,3,18,22,28,26
2014,4,18,51,52,51
2014,5,18,21,24,21
2014,6,18,60,60,53
2014,7,18,30,26,27
2014,8,18,59,54,51
2014,9,18,25,29,22
2014,10,18,55,56,56
2014,11,18,27,24,30
2014,12,18,57,51,54
2014,1,19,21,30,27
2014,2,19,59,56,51
2014,3,19,21,27,21
2014,4,19,60,59,53
2014,5,19,30,21,27
2014,6,19,59,59,51
2014,7,19,29,25,25
2014,8,19,58,51,56
2014,9,19,27,29,30
2014,10,19,57,55,54
2014,11,19,36,31,36
2014,12,19,6,10,10
2014,1,20,28,29,25
2014,2,20,58,53,57
2014,3,20,30,26,27
2014,4,20,59,60,51
2014,5,20,29,28,25
2014,6,20,58,58,57
2014,7,20,28,28,27
2014,8,20,57,52,54
2014,9,20,36,38,36
2014,10,20,6,4,10
2014,11,20,35,32,35
2014,12,20,5,9,5
2014,1,21,25,28,27
2014,2,21,57,54,52
2014,3,21,29,25,25
2014,4,21,58,57,57
2014,5,21,28,25,27
2014,6,21,57,57,52
2014,7,21,27,27,30
2014,8,21,6,9,10
2014,9,21,35,37,35
2014,10,21,5,6,5
2014,11,21,34,39,37
2014,12,21,4,8,1
2014,1,22,26,27,26
2014,2,22,6,1,10
2014,3,22,28,24,27
2014,4,22,57,58,52
2014,5,22,27,26,26
2014,6,22,6,6,10
2014,7,22,36,36,35
2014,8,22,5,8,5
2014,9,22,34,36,37
2014,10,22,4,3,1
2014,11,22,33,38,35
2014,12,22,3,7,9
2014,1,23,33,36,36
2014,2,23,5,2,5
2014,3,23,27,23,26
2014,4,23,6,5,10
2014,5,23,36,33,36
2014,6,23,5,5,6
2014,7,23,35,35,36
2014,8,23,4,5,9
2014,9,23,33,35,35
2014,10,23,3,4,9
2014,11,23,32,35,31
2014,12,23,2,6,1
2014,1,24,34,35,35
2014,2,24,4,9,9
2014,3,24,36,32,36
2014,4,24,5,6,5
2014,5,24,35,34,35
2014,6,24,4,4,9
2014,7,24,34,34,35
2014,8,24,3,6,9
2014,9,24,32,34,31
2014,10,24,2,1,1
2014,11,24,31,36,36
2014,12,24,1,5,10
2014,1,25,31,34,35
2014,2,25,1,10,9
2014,3,25,35,31,35
2014,4,25,4,3,9
2014,5,25,34,31,35
2014,6,25,3,3,9
2014,7,25,33,33,35
2014,8,25,2,3,1
2014,9,25,31,33,36
2014,10,25,1,2,10
2014,11,25,40,33,34
2014,12,25,10,4,10
2014,1,26,32,33,35
2014,2,26,10,7,1
2014,3,26,34,40,35
2014,4,26,1,4,9
2014,5,26,31,32,35
2014,6,26,2,2,1
2014,7,26,32,32,31
2014,8,26,1,4,10
2014,9,26,40,32,34
2014,10,26,10,9,10
2014,11,26,39,34,39
2014,12,26,9,3,9
2014,1,27,39,32,31
2014,2,27,9,8,10
2014,3,27,31,39,35
2014,4,27,10,1,1
2014,5,27,40,39,31
2014,6,27,9,9,10
2014,7,27,39,31,36
2014,8,27,10,1,10
2014,9,27,39,31,39
2014,10,27,9,10,9
2014,11,27,38,31,33
2014,12,27,8,2,9
2014,1,28,40,31,36
2014,2,28,8,5,8
2014,3,28,40,38,31
2014,4,28,9,2,10
2014,5,28,39,40,36
2014,6,28,8,8,7
2014,7,28,38,40,34
2014,8,28,7,2,9
2014,9,28,38,40,33
2014,10,28,8,7,9
2014,11,28,35,32,33
2014,12,28,5,1,9
2014,1,29,37,40,34
2014,3,29,39,37,36
2014,4,29,8,9,8
2014,5,29,38,37,34
2014,6,29,7,7,9
2014,7,29,37,39,39
2014,8,29,6,9,9
2014,9,29,35,39,33
2014,10,29,5,8,9
2014,11,29,44,49,45
2014,12,29,14,20,15
2014,1,30,38,39,39
2014,3,30,38,36,34
2014,4,30,7,10,9
2014,5,30,37,38,39
2014,6,30,6,6,9
2014,7,30,36,38,33
2014,8,30,5,10,9
2014,9,30,44,48,45
2014,10,30,14,15,15
2014,11,30,43,50,44
2014,12,30,13,19,20
2014,1,31,35,38,33
2014,3,31,37,35,39
2014,5,31,36,35,33
2014,7,31,35,37,33
2014,8,31,14,17,15
2014,10,31,13,16,20
2014,12,31,12,18,18
2015,1,1,11,17,13
2015,2,1,50,42,43
2015,3,1,14,19,18
2015,4,1,43,49,43
2015,5,1,13,14,13
2015,6,1,42,49,43
2015,7,1,12,20,17
2015,8,1,41,41,43
2015,9,1,20,11,19
2015,10,1,50,42,49
2015,11,1,19,20,18
2015,12,1,49,44,44
2015,1,2,20,16,17
2015,2,2,49,41,43
2015,3,2,13,20,13
2015,4,2,42,48,43
2015,5,2,12,11,17
2015,6,2,41,50,43
2015,7,2,11,19,17
2015,8,2,50,50,49
2015,9,2,19,12,18
2015,10,2,49,41,44
2015,11,2,18,17,16
2015,12,2,48,41,42
2015,1,3,19,15,17
2015,2,3,48,50,49
2015,3,3,12,17,17
2015,4,3,41,47,43
2015,5,3,11,12,17
2015,6,3,50,47,49
2015,7,3,20,18,19
2015,8,3,49,49,44
2015,9,3,18,19,16
2015,10,3,48,50,42
2015,11,3,17,18,17
2015,12,3,47,42,47
2015,1,4,18,14,19
2015,2,4,47,50,50
2015,3,4,11,18,17
2015,4,4,50,46,49
2015,5,4,20,19,19
2015,6,4,49,48,44
2015,7,4,19,17,18
2015,8,4,48,48,42
2015,9,4,17,20,17
2015,10,4,47,49,47
2015,11,4,26,25,27
2015,12,4,56,59,51
2015,1,5,17,13,18
2015,2,5,46,47,41
2015,3,5,20,15,19
2015,4,5,47,45,50
2015,5,5,19,20,18
2015,6,5,48,45,42
2015,7,5,18,16,16
2015,8,5,47,47,48
2015,9,5,26,27,27
2015,10,5,56,58,51
2015,11,5,25,26,27
2015,12,5,55,60,51
2015,1,6,15,12,15
2015,2,6,45,48,41
2015,3,6,17,16,20
2015,4,6,46,44,41
2015,5,6,16,17,15
2015,6,6,45,46,41
2015,7,6,17,15,17
2015,8,6,56,56,51
2015,9,6,25,28,27
2015,10,6,55,57,51
2015,11,6,24,23,23
2015,12,6,54,57,53
2015,1,7,16,11,15
2015,2,7,54,55,55
2015,3,7,16,13,15
2015,4,7,45,43,41
2015,5,7,15,18,15
2015,6,7,54,53,55
2015,7,7,24,24,25
2015,8,7,55,55,51
2015,9,7,24,25,23
2015,10,7,54,56,53
2015,11,7,23,24,28
2015,12,7,51,58,54
2015,1,8,23,30,25
2015,2,8,53,56,52
2015,3,8,15,14,15
2015,4,8,54,52,55
2015,5,8,24,25,25
2015,6,8,53,54,52
2015,7,8,23,23,28
2015,8,8,52,53,60
2015,9,8,21,26,24
2015,10,8,51,55,54
2015,11,8,30,21,25
2015,12,8,60,55,59
2015,1,9,24,29,28
2015,2,9,52,53,60
2015,3,9,24,21,25
2015,4,9,53,51,52
2015,5,9,23,26,28
2015,6,9,52,51,60
2015,7,9,22,22,26
2015,8,9,51,54,54
2015,9,9,30,23,25
2015,10,9,60,54,59
2015,11,9,29,22,25
2015,12,9,59,56,59
2015,1,10,21,28,26
2015,2,10,51,54,54
2015,3,10,23,22,28
2015,4,10,52,60,60
2015,5,10,22,23,26
2015,6,10,51,52,54
2015,7,10,21,21,24
2015,8,10,60,51,59
2015,9,10,29,24,25
2015,10,10,59,53,59
2015,11,10,28,29,29
2015,12,10,58,53,59
2015,1,11,22,27,24
2015,2,11,60,51,59
2015,3,11,22,29,26
2015,4,11,51,59,54
2015,5,11,21,24,24
2015,6,11,60,59,59
2015,7,11,30,30,25
2015,8,11,59,52,59
2015,9,11,28,21,29
2015,10,11,58,52,59
2015,11,11,27,30,26
2015,12,11,57,54,52
2015,1,12,29,26,25
2015,2,12,59,60,59
2015,3,12,21,30,24
2015,4,12,60,58,59
2015,5,12,30,21,25
2015,6,12,59,60,59
2015,7,12,29,29,25
2015,8,12,58,59,59
2015,9,12,27,22,26
2015,10,12,57,51,52
2015,11,12,26,27,24
2015,12,12,56,51,60
2015,1,13,30,25,25
2015,2,13,58,57,53
2015,3,13,30,27,25
2015,4,13,59,57,59
2015,5,13,29,22,25
2015,6,13,58,57,59
2015,7,13,28,28,29
2015,8,13,57,60,52
2015,9,13,26,29,24
2015,10,13,56,60,60
2015,11,13,25,28,28
2015,12,13,55,52,58
2015,1,14,27,24,27
2015,2,14,55,58,52
2015,3,14,29,28,25
2015,4,14,58,56,53
2015,5,14,28,21,27
2015,6,14,57,58,52
2015,7,14,27,27,26
2015,8,14,56,57,60
2015,9,14,25,30,28
2015,10,14,55,59,58
2015,11,14,34,35,33
2015,12,14,4,9,9
2015,1,15,28,23,26
2015,2,15,54,55,56
2015,3,15,28,25,27
2015,4,15,55,53,52
2015,5,15,27,22,26
2015,6,15,56,55,60
2015,7,15,26,26,24
2015,8,15,55,58,58
2015,9,15,34,37,33
2015,10,15,4,8,9
2015,11,15,33,36,33
2015,12,15,3,10,9
2015,1,16,25,30,22
2015,2,16,53,56,54
2015,3,16,25,26,26
2015,4,16,54,52,56
2015,5,16,24,29,22
2015,6,16,53,56,54
2015,7,16,25,25,30
2015,8,16,4,9,9
2015,9,16,33,38,33
2015,10,16,3,7,9
2015,11,16,32,39,37
2015,12,16,2,7,1
2015,1,17,27,29,30
2015,2,17,6,3,10
2015,3,17,24,24,22
2015,4,17,53,51,54
2015,5,17,23,30,30
2015,6,17,2,6,10
2015,7,17,32,32,33
2015,8,17,3,10,9
2015,9,17,32,35,37
2015,10,17,2,6,1
2015,11,17,31,40,36
2015,12,17,9,8,10
2015,1,18,36,38,36
2015,2,18,5,4,5
2015,3,18,23,23,30
2015,4,18,6,5,10
2015,5,18,32,37,36
2015,6,18,1,5,7
2015,7,18,31,31,32
2015,8,18,10,7,1
2015,9,18,39,36,36
2015,10,18,9,1,10
2015,11,18,38,37,40
2015,12,18,8,6,6
2015,1,19,35,35,36
2015,2,19,4,9,9
2015,3,19,36,32,36
2015,4,19,5,6,5
2015,5,19,35,38,35
2015,6,19,4,4,1
2015,7,19,40,40,37
2015,8,19,9,8,9
2015,9,19,38,34,40
2015,10,19,8,10,6
2015,11,19,37,38,38
2015,12,19,7,5,4
2015,1,20,34,34,37
2015,2,20,3,10,9
2015,3,20,35,31,35
2015,4,20,4,3,9
2015,5,20,34,35,37
2015,6,20,3,3,9
2015,7,20,33,33,35
2015,8,20,8,5,6
2015,9,20,37,33,38
2015,10,20,7,9,4
2015,11,20,36,35,34
2015,12,20,10,4,10
2015,1,21,33,33,35
2015,2,21,2,7,1
2015,3,21,34,40,35
2015,4,21,3,4,9
2015,5,21,33,32,35
2015,6,21,2,2,1
2015,7,21,32,32,31
2015,8,21,1,6,4
2015,9,21,40,32,34
2015,10,21,10,9,10
2015,11,21,39,36,39
2015,12,21,9,3,9
2015,1,22,32,32,31
2015,2,22,1,8,10
2015,3,22,33,39,35
2015,4,22,2,1,1
2015,5,22,32,39,31
2015,6,22,1,1,10
2015,7,22,31,31,36
2015,8,22,10,3,10
2015,9,22,39,31,39
2015,10,22,9,10,9
2015,11,22,38,33,35
2015,12,22,8,2,9
2015,1,23,31,31,36
2015,2,23,10,5,10
2015,3,23,32,38,31
2015,4,23,1,2,10
2015,5,23,31,40,36
2015,6,23,10,10,9
2015,7,23,40,40,34
2015,8,23,9,2,9
2015,9,23,38,40,33
2015,10,23,8,7,9
2015,11,23,37,32,33
2015,12,23,7,1,9
2015,1,24,40,40,34
2015,2,24,9,6,9
2015,3,24,31,37,36
2015,4,24,10,9,10
2015,5,24,40,37,34
2015,6,24,9,9,10
2015,7,24,39,39,40
2015,8,24,8,9,9
2015,9,24,37,39,33
2015,10,24,7,8,9
2015,11,24,46,49,45
2015,12,24,16,20,15
2015,1,25,39,39,40
2015,2,25,8,3,9
2015,3,25,40,36,34
2015,4,25,9,10,9
2015,5,25,39,38,39
2015,6,25,8,8,9
2015,7,25,38,38,33
2015,8,25,7,10,9
2015,9,25,46,48,45
2015,10,25,16,15,15
2015,11,25,45,50,44
2015,12,25,15,19,20
2015,1,26,38,38,33
2015,2,26,7,4,9
2015,3,26,39,35,39
2015,4,26,8,7,9
2015,5,26,38,35,33
2015,6,26,7,7,9
2015,7,26,37,37,33
2015,8,26,16,17,15
2015,9,26,45,47,44
2015,10,26,15,16,20
2015,11,26,44,47,44
2015,12,26,14,18,18
2015,1,27,35,37,33
2015,2,27,16,11,15
2015,3,27,38,34,33
2015,4,27,7,8,9
2015,5,27,37,36,33
2015,6,27,16,14,15
2015,7,27,46,46,45
2015,8,27,15,18,20
2015,9,27,44,46,44
2015,10,27,14,13,18
2015,11,27,43,48,43
2015,12,27,13,17,13
2015,1,28,44,46,45
2015,2,28,15,12,20
2015,3,28,37,33,33
2015,4,28,16,15,15
2015,5,28,46,43,45
2015,6,28,15,13,20
2015,7,28,45,45,44
2015,8,28,14,15,18
2015,9,28,43,45,43
2015,10,28,13,14,13
2015,11,28,42,45,43
2015,12,28,12,16,17
2015,1,29,43,45,44
2015,3,29,46,42,45
2015,4,29,15,16,20
2015,5,29,45,44,44
2015,6,29,14,12,18
2015,7,29,44,44,42
2015,8,29,13,16,13
2015,9,29,42,44,43
2015,10,29,12,11,17
2015,11,29,41,46,43
2015,12,29,11,15,17
2015,1,30,42,44,42
2015,3,30,45,41,44
2015,4,30,14,13,18
2015,5,30,44,41,42
2015,6,30,13,11,13
2015,7,30,43,43,44
2015,8,30,12,13,17
2015,9,30,41,43,43
2015,10,30,11,12,17
2015,11,30,50,43,49
2015,12,30,20,14,19
2015,1,31,41,43,43
2015,3,31,44,50,42
2015,5,31,43,42,43
2015,7,31,42,42,43
2015,8,31,11,14,17
2015,10,31,20,19,19
2015,12,31,19,13,18
2016,1,1,18,12,16
2016,2,1,47,47,48
2016,3,1,19,13,16
2016,4,1,50,43,47
2016,5,1,20,18,17
2016,6,1,57,53,51
2016,7,1,27,24,27
2016,8,1,58,55,51
2016,9,1,25,25,23
2016,10,1,55,56,53
2016,11,1,26,24,28
2016,12,1,56,58,52
2016,1,2,17,11,17
2016,2,2,56,56,51
2016,3,2,20,14,17
2016,4,2,57,52,51
2016,5,2,27,25,27
2016,6,2,58,54,51
2016,7,2,28,23,27
2016,8,2,55,54,53
2016,9,2,26,26,28
2016,10,2,56,55,52
2016,11,2,23,21,26
2016,12,2,53,55,60
2016,1,3,26,30,27
2016,2,3,55,55,51
2016,3,3,27,21,27
2016,4,3,58,51,51
2016,5,3,28,26,27
2016,6,3,55,51,53
2016,7,3,25,22,23
2016,8,3,56,53,52
2016,9,3,23,23,26
2016,10,3,53,54,60
2016,11,3,24,22,21
2016,12,3,54,56,51
2016,1,4,25,29,27
2016,2,4,53,53,60
2016,3,4,28,22,27
2016,4,4,53,60,60
2016,5,4,25,23,23
2016,6,4,56,52,52
2016,7,4,26,21,28
2016,8,4,53,52,60
2016,9,4,24,24,21
2016,10,4,54,53,51
2016,11,4,21,29,25
2016,12,4,51,53,51
2016,1,5,24,28,23
2016,2,5,54,54,53
2016,3,5,23,29,26
2016,4,5,54,59,54
2016,5,5,24,24,23
2016,6,5,51,59,59
2016,7,5,23,30,26
2016,8,5,54,51,51
2016,9,5,21,21,25
2016,10,5,51,52,51
2016,11,5,22,30,25
2016,12,5,52,54,51
2016,1,6,21,27,24
2016,2,6,51,51,59
2016,3,6,24,30,24
2016,4,6,51,58,59
2016,5,6,21,21,25
2016,6,6,52,60,59
2016,7,6,22,30,25
2016,8,6,51,60,51
2016,9,6,22,22,25
2016,10,6,52,51,51
2016,11,6,29,27,27
2016,12,6,59,51,57
2016,1,7,30,26,25
2016,2,7,52,52,59
2016,3,7,21,27,25
2016,4,7,52,57,59
2016,5,7,22,22,25
2016,6,7,59,57,59
2016,7,7,29,28,29
2016,8,7,60,60,52
2016,9,7,27,29,24
2016,10,7,59,60,57
2016,11,7,28,28,27
2016,12,7,58,52,58
2016,1,8,29,25,25
2016,2,8,59,59,60
2016,3,8,22,28,25
2016,4,8,59,56,59
2016,5,8,29,29,30
2016,6,8,60,58,52
2016,7,8,30,27,26
2016,8,8,57,57,60
2016,9,8,28,30,28
2016,10,8,58,59,58
2016,11,8,35,35,33
2016,12,8,5,9,9
2016,1,9,28,24,29
2016,2,9,60,60,52
2016,3,9,29,25,29
2016,4,9,60,55,52
2016,5,9,30,30,26
2016,6,9,57,55,60
2016,7,9,27,26,24
2016,8,9,58,58,57
2016,9,9,35,37,33
2016,10,9,5,8,9
2016,11,9,36,36,33
2016,12,9,6,10,9
2016,1,10,27,23,26
2016,2,10,57,57,60
2016,3,10,30,26,26
2016,4,10,57,54,60
2016,5,10,27,27,24
2016,6,10,58,56,58
2016,7,10,28,25,28
2016,8,10,5,5,9
2016,9,10,36,38,33
2016,10,10,6,7,9
2016,11,10,33,33,34
2016,12,10,3,7,3
2016,1,11,26,22,24
2016,2,11,58,58,57
2016,3,11,27,23,24
2016,4,11,58,53,58
2016,5,11,28,28,27
2016,6,11,5,3,9
2016,7,11,35,34,33
2016,8,11,6,6,9
2016,9,11,33,35,33
2016,10,11,3,6,3
2016,11,11,34,34,36
2016,12,11,4,8,10
2016,1,12,25,21,28
2016,2,12,9,3,9
2016,3,12,28,24,28
2016,4,12,9,2,9
2016,5,12,35,35,33
2016,6,12,6,4,9
2016,7,12,36,33,33
2016,8,12,3,3,4
2016,9,12,34,36,36
2016,10,12,4,5,10
2016,11,12,31,31,34
2016,12,12,1,5,8
2016,1,13,34,40,33
2016,2,13,10,4,9
2016,3,13,39,31,33
2016,4,13,10,1,9
2016,5,13,40,38,33
2016,6,13,7,1,1
2016,7,13,33,32,33
2016,8,13,4,4,10
2016,9,13,31,33,34
2016,10,13,1,4,8
2016,11,13,32,32,31
2016,12,13,2,6,2
2016,1,14,33,39,33
2016,2,14,7,1,1
2016,3,14,40,32,33
2016,4,14,7,8,1
2016,5,14,37,35,37
2016,6,14,8,2,10
2016,7,14,34,31,36
2016,8,14,1,1,8
2016,9,14,32,34,32
2016,10,14,2,3,2
2016,11,14,39,39,33
2016,12,14,9,3,7
2016,1,15,32,38,37
2016,2,15,8,2,9
2016,3,15,37,39,37
2016,4,15,8,7,9
2016,5,15,38,36,36
2016,6,15,5,9,6
2016,7,15,35,40,34
2016,8,15,6,6,4
2016,9,15,33,31,33
2016,10,15,9,2,7
2016,11,15,34,36,33
2016,12,15,4,4,7
2016,1,16,39,35,36
2016,2,16,5,9,6
2016,3,16,38,39,35
2016,4,16,5,6,6
2016,5,16,35,33,40
2016,6,16,6,1,4
2016,7,16,36,39,38
2016,8,16,3,3,7
2016,9,16,34,32,33
2016,10,16,4,1,7
2016,11,16,31,33,35
2016,12,16,1,1,2
2016,1,17,38,34,40
2016,2,17,6,10,4
2016,3,17,35,38,40
2016,4,17,6,2,4
2016,5,17,36,34,38
2016,6,17,3,10,10
2016,7,17,33,36,33
2016,8,17,4,4,5
2016,9,17,31,39,35
2016,10,17,1,10,1
2016,11,17,32,34,34
2016,12,17,2,2,10
2016,1,18,37,33,38
2016,2,18,3,7,10
2016,3,18,36,37,38
2016,4,18,3,9,10
2016,5,18,33,31,34
2016,6,18,4,9,9
2016,7,18,34,35,31
2016,8,18,1,1,2
2016,9,18,32,39,33
2016,10,18,2,5,10
2016,11,18,49,41,50
2016,12,18,19,20,14
2016,1,19,40,40,34
2016,2,19,2,6,9
2016,3,19,33,36,34
2016,4,19,2,10,9
2016,5,19,34,32,39
2016,6,19,1,8,1
2016,7,19,31,34,35
2016,8,19,2,2,9
2016,9,19,49,48,50
2016,10,19,19,14,14
2016,11,19,50,42,48
2016,12,19,20,19,12
2016,1,20,39,39,40
2016,2,20,9,3,9
2016,3,20,32,35,39
2016,4,20,9,7,9
2016,5,20,39,35,33
2016,6,20,10,7,9
2016,7,20,32,37,33
2016,8,20,19,19,15
2016,9,20,50,47,48
2016,10,20,20,13,12
2016,11,20,47,49,44
2016,12,20,17,18,18
2016,1,21,38,38,33
2016,2,21,10,4,9
2016,3,21,39,34,33
2016,4,21,10,8,9
2016,5,21,40,36,33
2016,6,21,17,16,15
2016,7,21,49,46,45
2016,8,21,20,20,12
2016,9,21,47,46,44
2016,10,21,17,13,18
2016,11,21,48,50,43
2016,12,21,18,17,13
2016,1,22,37,37,33
2016,2,22,17,11,15
2016,3,22,40,33,33
2016,4,22,17,15,15
2016,5,22,47,43,45
2016,6,22,18,15,20
2016,7,22,48,45,44
2016,8,22,15,15,18
2016,9,22,46,45,43
2016,10,22,18,14,13
2016,11,22,43,45,43
2016,12,22,13,16,17
2016,1,23,46,46,45
2016,2,23,18,12,20
2016,3,23,47,42,45
2016,4,23,18,16,20
2016,5,23,48,44,44
2016,6,23,15,14,18
2016,7,23,45,44,44
2016,8,23,16,16,13
2016,9,23,43,44,43
2016,10,23,13,11,17
2016,11,23,44,46,43
2016,12,23,14,15,17
2016,1,24,45,45,44
2016,2,24,15,19,18
2016,3,24,48,41,44
2016,4,24,15,13,18
2016,5,24,45,41,44
2016,6,24,16,13,13
2016,7,24,46,43,43
2016,8,24,13,13,17
2016,9,24,44,43,43
2016,10,24,14,12,17
2016,11,24,41,43,49
2016,12,24,11,14,19
2016,1,25,44,44,43
2016,2,25,16,20,13
2016,3,25,45,50,44
2016,4,25,16,14,13
2016,5,25,46,42,43
2016,6,25,13,12,17
2016,7,25,43,42,43
2016,8,25,14,14,17
2016,9,25,41,42,49
2016,10,25,11,19,19
2016,11,25,42,44,44
2016,12,25,12,13,18
2016,1,26,43,43,44
2016,2,26,13,17,17
2016,3,26,46,49,43
2016,4,26,13,11,17
2016,5,26,43,49,43
2016,6,26,14,19,17
2016,7,26,44,41,43
2016,8,26,11,11,19
2016,9,26,42,41,44
2016,10,26,12,20,18
2016,11,26,49,41,42
2016,12,26,19,12,18
2016,1,27,42,42,43
2016,2,27,14,18,17
2016,3,27,43,48,43
2016,4,27,14,12,17
2016,5,27,44,50,43
2016,6,27,11,18,19
2016,7,27,41,50,49
2016,8,27,12,12,18
2016,9,27,49,50,42
2016,10,27,19,17,18
2016,11,27,50,42,47
2016,12,27,20,11,17
2016,1,28,41,41,43
2016,2,28,11,15,19
2016,3,28,44,47,43
2016,4,28,11,19,19
2016,5,28,41,47,49
2016,6,28,12,17,18
2016,7,28,42,49,44
2016,8,28,19,19,16
2016,9,28,50,49,47
2016,10,28,20,18,17
2016,11,28,57,59,51
2016,12,28,27,30,27
2016,1,29,50,50,49
2016,2,29,12,16,18
2016,3,29,41,46,49
2016,4,29,12,20,18
2016,5,29,42,48,44
2016,6,29,19,16,16
2016,7,29,49,48,42
2016,8,29,20,20,17
2016,9,29,57,58,51
2016,10,29,27,25,27
2016,11,29,58,60,51
2016,12,29,28,29,27
2016,1,30,49,49,44
2016,3,30,42,45,44
2016,4,30,19,17,16
2016,5,30,49,50,42
2016,6,30,20,15,17
2016,7,30,50,47,47
2016,8,30,27,27,28
2016,9,30,58,57,51
2016,10,30,28,26,27
2016,11,30,55,57,53
2016,12,30,25,28,23
2016,1,31,48,48,42
2016,3,31,49,44,42
2016,5,31,50,46,47
2016,7,31,57,56,51
2016,8,31,28,28,27
2016,10,31,25,23,23
2016,12,31,26,27,28
2017,1,1,23,26,26
2017,2,1,54,51,51
2017,3,1,25,30,28
2017,4,1,54,58,60
2017,5,1,24,21,26
2017,6,1,53,60,51
2017,7,1,23,29,21
2017,8,1,52,60,51
2017,9,1,21,22,25
2017,10,1,51,51,52
2017,11,1,30,27,27
2017,12,1,60,51,57
2017,1,2,24,25,21
2017,2,2,51,60,51
2017,3,2,24,27,26
2017,4,2,53,57,51
2017,5,2,23,22,21
2017,6,2,52,57,51
2017,7,2,22,28,25
2017,8,2,51,59,51
2017,9,2,30,29,27
2017,10,2,60,60,57
2017,11,2,29,28,26
2017,12,2,59,52,52
2017,1,3,21,24,25
2017,2,3,52,59,51
2017,3,3,23,28,21
2017,4,3,52,56,51
2017,5,3,22,29,25
2017,6,3,51,58,51
2017,7,3,21,27,25
2017,8,3,60,58,57
2017,9,3,29,30,26
2017,10,3,59,59,52
2017,11,3,38,35,34
2017,12,3,8,9,10
2017,1,4,22,23,25
2017,2,4,59,57,60
2017,3,4,22,25,25
2017,4,4,52,55,52
2017,5,4,21,30,25
2017,6,4,60,55,57
2017,7,4,30,26,27
2017,8,4,59,57,52
2017,9,4,38,37,34
2017,10,4,8,8,10
2017,11,4,37,36,35
2017,12,4,7,10,5
2017,1,5,27,22,24
2017,2,5,60,58,58
2017,3,5,22,26,26
2017,4,5,59,54,60
2017,5,5,29,27,24
2017,6,5,60,56,58
2017,7,5,29,25,26
2017,8,5,8,6,10
2017,9,5,37,38,35
2017,10,5,7,7,5
2017,11,5,36,33,35
2017,12,5,6,7,9
2017,1,6,28,21,28
2017,2,6,7,5,9
2017,3,6,29,23,24
2017,4,6,60,53,58
2017,5,6,30,28,28
2017,6,6,7,3,9
2017,7,6,37,33,33
2017,8,6,7,5,5
2017,9,6,36,35,35
2017,10,6,6,6,9
2017,11,6,35,34,35
2017,12,6,5,8,9
2017,1,7,35,40,33
2017,2,7,8,6,9
2017,3,7,30,24,28
2017,4,7,7,2,9
2017,5,7,37,35,33
2017,6,7,8,4,9
2017,7,7,38,33,33
2017,8,7,5,3,3
2017,9,7,36,36,35
2017,10,7,5,5,9
2017,11,7,33,31,34
2017,12,7,3,5,8
2017,1,8,36,39,33
2017,2,8,5,3,3
2017,3,8,37,31,33
2017,4,8,8,1,9
2017,5,8,38,36,33
2017,6,8,5,1,3
2017,7,8,35,32,33
2017,8,8,6,4,10
2017,9,8,33,33,34
2017,10,8,3,4,8
2017,11,8,34,32,32
2017,12,8,4,6,2
2017,1,9,33,38,33
2017,2,9,6,4,10
2017,3,9,38,32,36
2017,4,9,5,10,3
2017,5,9,35,33,33
2017,6,9,6,2,10
2017,7,9,36,31,36
2017,8,9,3,1,8
2017,9,9,34,34,32
2017,10,9,4,3,2
2017,11,9,31,39,33
2017,12,9,1,3,7
2017,1,10,34,37,36
2017,2,10,3,1,8
2017,3,10,35,39,33
2017,4,10,6,9,10
2017,5,10,36,34,36
2017,6,10,3,9,8
2017,7,10,33,40,34
2017,8,10,4,2,2
2017,9,10,31,31,33
2017,10,10,1,2,7
2017,11,10,32,40,33
2017,12,10,2,4,7
2017,1,11,31,36,34
2017,2,11,4,2,2
2017,3,11,36,40,36
2017,4,11,3,8,8
2017,5,11,33,31,34
2017,6,11,4,10,2
2017,7,11,34,39,32
2017,8,11,1,9,7
2017,9,11,32,33,33
2017,10,11,2,1,7
2017,11,11,39,37,37
2017,12,11,9,1,7
2017,1,12,32,35,32
2017,2,12,1,7,7
2017,3,12,33,37,34
2017,4,12,4,7,4
2017,5,12,34,32,32
2017,6,12,1,7,7
2017,7,12,31,38,33
2017,8,12,2,10,7
2017,9,12,39,39,37
2017,10,12,9,10,7
2017,11,12,40,38,34
2017,12,12,10,2,10
2017,1,13,33,34,33
2017,2,13,2,8,7
2017,3,13,34,38,38
2017,4,13,1,6,7
2017,5,13,31,31,33
2017,6,13,2,8,7
2017,7,13,32,37,33
2017,8,13,9,7,7
2017,9,13,40,40,34
2017,10,13,10,9,10
2017,11,13,47,45,42
2017,12,13,17,19,18
2017,1,14,34,33,33
2017,2,14,9,5,1
2017,3,14,31,35,33
2017,4,14,2,3,5
2017,5,14,32,32,33
2017,6,14,9,5,1
2017,7,14,39,36,37
2017,8,14,10,8,10
2017,9,14,47,47,42
2017,10,14,17,18,18
2017,11,14,48,46,46
2017,12,14,18,20,16
2017,1,15,31,40,35
2017,2,15,9,6,9
2017,3,15,32,36,31
2017,4,15,10,2,1
2017,5,15,39,39,35
2017,6,15,10,6,10
2017,7,15,40,35,34
2017,8,15,17,19,18
2017,9,15,48,48,47
2017,10,15,18,17,16
2017,11,15,45,49,41
2017,12,15,15,17,17
2017,1,16,32,39,33
2017,2,16,18,13,14
2017,3,16,40,34,35
2017,4,16,9,1,9
2017,5,16,39,40,33
2017,6,16,18,16,14
2017,7,16,47,44,42
2017,8,16,18,20,12
2017,9,16,45,45,41
2017,10,16,15,16,17
2017,11,16,46,50,41
2017,12,16,16,18,17
2017,1,17,49,48,50
2017,2,17,17,14,12
2017,3,17,39,33,33
2017,4,17,18,15,15
2017,5,17,48,47,50
2017,6,17,17,15,12
2017,7,17,48,41,48
2017,8,17,15,17,17
2017,9,17,46,46,49
2017,10,17,16,15,17
2017,11,17,43,47,45
2017,12,17,13,15,19
2017,1,18,50,45,48
2017,2,18,16,11,18
2017,3,18,48,42,45
2017,4,18,17,16,12
2017,5,18,47,48,48
2017,6,18,16,14,18
2017,7,18,46,50,44
2017,8,18,15,18,15
2017,9,18,44,44,45
2017,10,18,13,20,19
2017,11,18,43,48,43
2017,12,18,13,15,17
2017,1,19,47,44,44
2017,2,19,15,20,13
2017,3,19,47,41,48
2017,4,19,16,13,18
2017,5,19,46,45,44
2017,6,19,15,13,13
2017,7,19,45,49,49
2017,8,19,14,15,19
2017,9,19,43,43,44
2017,10,19,13,19,17
2017,11,19,42,45,48
2017,12,19,12,14,14
2017,1,20,46,43,43
2017,2,20,14,17,17
2017,3,20,46,50,44
2017,4,20,15,14,13
2017,5,20,45,42,43
2017,6,20,14,12,17
2017,7,20,44,42,45
2017,8,20,13,16,17
2017,9,20,42,42,49
2017,10,20,12,18,14
2017,11,20,41,46,46
2017,12,20,11,13,12
2017,1,21,43,42,43
2017,2,21,13,18,17
2017,3,21,45,49,43
2017,4,21,14,11,17
2017,5,21,44,49,43
2017,6,21,13,11,17
2017,7,21,43,41,43
2017,8,21,12,13,19
2017,9,21,41,41,46
2017,10,21,11,20,12
2017,11,21,50,43,42
2017,12,21,20,12,18
2017,1,22,44,41,43
2017,2,22,12,15,19
2017,3,22,44,48,43
2017,4,22,13,12,17
2017,5,22,43,50,43
2017,6,22,12,20,19
2017,7,22,42,50,49
2017,8,22,11,12,18
2017,9,22,50,50,42
2017,10,22,20,17,18
2017,11,22,49,42,47
2017,12,22,19,11,17
2017,1,23,41,50,49
2017,2,23,11,16,18
2017,3,23,43,47,43
2017,4,23,12,19,19
2017,5,23,42,47,49
2017,6,23,11,19,18
2017,7,23,41,49,44
2017,8,23,20,19,18
2017,9,23,49,49,47
2017,10,23,19,18,17
2017,11,23,58,59,51
2017,12,23,28,30,27
2017,1,24,42,49,44
2017,2,24,20,13,18
2017,3,24,42,46,49
2017,4,24,11,20,18
2017,5,24,41,48,44
2017,6,24,20,18,18
2017,7,24,50,48,42
2017,8,24,19,20,17
2017,9,24,58,58,51
2017,10,24,28,25,27
2017,11,24,57,60,51
2017,12,24,27,29,27
2017,1,25,49,48,42
2017,2,25,19,14,17
2017,3,25,41,45,44
2017,4,25,20,17,16
2017,5,25,50,45,42
2017,6,25,19,17,17
2017,7,25,49,47,47
2017,8,25,28,27,27
2017,9,25,57,57,51
2017,10,25,27,26,27
2017,11,25,56,57,53
2017,12,25,26,28,23
2017,1,26,50,47,47
2017,2,26,28,21,27
2017,3,26,50,44,42
2017,4,26,19,18,17
2017,5,26,49,46,47
2017,6,26,28,24,27
2017,7,26,58,56,51
2017,8,26,27,28,27
2017,9,26,56,56,53
2017,10,26,26,23,23
2017,11,26,55,58,52
2017,12,26,25,27,28
2017,1,27,57,56,51
2017,2,27,27,22,27
2017,3,27,49,43,47
2017,4,27,28,25,27
2017,5,27,58,53,51
2017,6,27,27,23,27
2017,7,27,57,55,51
2017,8,27,26,25,23
2017,9,27,55,55,52
2017,10,27,25,24,28
2017,11,27,54,55,52
2017,12,27,24,26,26
2017,1,28,58,55,51
2017,2,28,26,29,23
2017,3,28,58,52,51
2017,4,28,27,26,27
2017,5,28,57,54,51
2017,6,28,26,22,23
2017,7,28,56,54,53
2017,8,28,25,26,28
2017,9,28,54,54,60
2017,10,28,24,21,26
2017,11,28,53,56,51
2017,12,28,23,25,21
2017,1,29,55,54,53
2017,3,29,57,51,51
2017,4,29,26,23,23
2017,5,29,56,51,53
2017,6,29,25,21,28
2017,7,29,55,53,52
2017,8,29,24,23,26
2017,9,29,53,53,51
2017,10,29,23,22,21
2017,11,29,52,53,51
2017,12,29,22,24,25
2017,1,30,56,53,52
2017,3,30,56,60,53
2017,4,30,25,24,28
2017,5,30,55,55,52
2017,6,30,24,30,26
2017,7,30,54,52,60
2017,8,30,23,24,21
2017,9,30,52,52,51
2017,10,30,22,29,25
2017,11,30,51,54,51
2017,12,30,21,23,25
2017,1,31,53,52,60
2017,3,31,55,59,52
2017,5,31,54,59,60
2017,7,31,53,51,51
2017,8,31,22,21,25
2017,10,31,21,30,25
2017,12,31,30,22,27
2018,1,1,29,21,26
2018,2,1,8,6,10
2018,3,1,27,23,27
2018,4,1,58,53,52
2018,5,1,28,28,26
2018,6,1,5,3,10
2018,7,1,35,34,34
2018,8,1,6,5,5
2018,9,1,33,35,35
2018,10,1,3,6,9
2018,11,1,34,34,35
2018,12,1,4,8,9
2018,1,2,38,40,34
2018,2,2,7,5,5
2018,3,2,28,24,26
2018,4,2,5,2,10
2018,5,2,35,35,34
2018,6,2,6,4,5
2018,7,2,36,33,35
2018,8,2,3,4,9
2018,9,2,34,36,35
2018,10,2,4,5,9
2018,11,2,31,31,32
2018,12,2,1,5,1
2018,1,3,37,39,35
2018,2,3,6,4,9
2018,3,3,35,31,34
2018,4,3,6,1,5
2018,5,3,36,36,35
2018,6,3,3,1,9
2018,7,3,33,32,35
2018,8,3,4,3,9
2018,9,3,31,33,31
2018,10,3,1,4,1
2018,11,3,32,32,36
2018,12,3,2,6,10
2018,1,4,36,38,35
2018,2,4,5,4,10
2018,3,4,36,32,35
2018,4,4,3,10,9
2018,5,4,33,33,35
2018,6,4,4,2,9
2018,7,4,34,31,35
2018,8,4,1,2,1
2018,9,4,32,34,36
2018,10,4,2,3,10
2018,11,4,39,39,34
2018,12,4,9,3,8
2018,1,5,36,37,36
2018,2,5,4,1,8
2018,3,5,36,33,33
2018,4,5,5,9,10
2018,5,5,35,34,36
2018,6,5,1,9,1
2018,7,5,31,40,31
2018,8,5,2,1,10
2018,9,5,39,31,34
2018,10,5,9,2,8
2018,11,5,40,40,39
2018,12,5,10,4,9
2018,1,6,33,36,34
2018,2,6,3,2,2
2018,3,6,35,40,36
2018,4,6,4,8,8
2018,5,6,34,31,34
2018,6,6,3,10,2
2018,7,6,32,39,36
2018,8,6,9,10,8
2018,9,6,40,32,39
2018,10,6,10,1,9
2018,11,6,37,37,33
2018,12,6,7,1,9
2018,1,7,34,35,32
2018,2,7,2,9,7
2018,3,7,34,37,34
2018,4,7,3,7,2
2018,5,7,33,32,32
2018,6,7,2,7,7
2018,7,7,32,38,33
2018,8,7,1,10,7
2018,9,7,37,39,33
2018,10,7,7,10,9
2018,11,7,39,38,34
2018,12,7,9,2,10
2018,1,8,31,34,33
2018,2,8,1,10,7
2018,3,8,33,38,32
2018,4,8,2,6,7
2018,5,8,32,39,33
2018,6,8,1,8,7
2018,7,8,31,37,33
2018,8,8,10,7,7
2018,9,8,39,40,34
2018,10,8,9,9,10
2018,11,8,48,45,42
2018,12,8,18,19,18
2018,1,9,32,33,33
2018,2,9,10,7,7
2018,3,9,32,35,33
2018,4,9,1,5,7
2018,5,9,31,40,33
2018,6,9,10,5,7
2018,7,9,40,36,37
2018,8,9,9,8,10
2018,9,9,48,47,42
2018,10,9,18,18,17
2018,11,9,47,46,46
2018,12,9,17,20,16
2018,1,10,39,32,37
2018,2,10,9,8,10
2018,3,10,31,36,33
2018,4,10,10,4,7
2018,5,10,40,37,37
2018,6,10,9,6,10
2018,7,10,39,35,34
2018,8,10,18,15,18
2018,9,10,47,48,46
2018,10,10,17,17,16
2018,11,10,46,43,41
2018,12,10,16,17,17
2018,1,11,40,31,34
2018,2,11,18,15,18
2018,3,11,40,33,37
2018,4,11,9,3,10
2018,5,11,39,38,34
2018,6,11,18,13,18
2018,7,11,48,44,42
2018,8,11,17,16,16
2018,9,11,46,45,41
2018,10,11,16,16,17
2018,11,11,45,44,41
2018,12,11,15,18,17
2018,1,12,47,50,42
2018,2,12,17,14,12
2018,3,12,39,34,34
2018,4,12,18,12,18
2018,5,12,48,45,42
2018,6,12,17,14,16
2018,7,12,47,43,46
2018,8,12,16,13,17
2018,9,12,45,46,41
2018,10,12,15,15,17
2018,11,12,44,44,41
2018,12,12,14,15,11
2018,1,13,48,49,48
2018,2,13,16,11,17
2018,3,13,48,41,42
2018,4,13,17,11,12
2018,5,13,47,48,48
2018,6,13,16,11,17
2018,7,13,46,42,41
2018,8,13,15,14,17
2018,9,13,44,43,41
2018,10,13,14,14,11
2018,11,13,43,42,44
2018,12,13,13,16,18
2018,1,14,45,48,41
2018,2,14,11,12,15
2018,3,14,47,42,48
2018,4,14,16,20,17
2018,5,14,46,45,41
2018,6,14,15,12,17
2018,7,14,45,41,41
2018,8,14,14,11,11
2018,9,14,43,44,44
2018,10,14,13,13,18
2018,11,14,42,49,42
2018,12,14,12,13,16
2018,1,15,46,45,49
2018,2,15,20,19,19
2018,3,15,46,49,41
2018,4,15,11,17,15
2018,5,15,41,46,49
2018,6,15,14,19,19
2018,7,15,44,50,45
2018,8,15,13,16,18
2018,9,15,42,41,42
2018,10,15,12,12,16
2018,11,15,41,46,46
2018,12,15,11,14,12
2018,1,16,44,44,45
2018,2,16,19,20,17
2018,3,16,41,50,49
2018,4,16,20,16,19
2018,5,16,50,43,45
2018,6,16,19,20,18
2018,7,16,43,49,44
2018,8,16,12,13,16
2018,9,16,41,42,46
2018,10,16,11,11,12
2018,11,16,50,43,41
2018,12,16,20,11,15
2018,1,17,43,43,44
2018,2,17,19,17,19
2018,3,17,50,48,45
2018,4,17,19,15,17
2018,5,17,49,44,43
2018,6,17,18,20,14
2018,7,17,48,46,48
2018,8,17,17,14,12
2018,9,17,50,49,41
2018,10,17,20,20,15
2018,11,17,45,44,49
2018,12,17,15,12,13
2018,1,18,42,50,49
2018,2,18,20,18,12
2018,3,18,49,47,43
2018,4,18,19,19,20
2018,5,18,49,41,49
2018,6,18,17,19,12
2018,7,18,47,45,46
2018,8,18,16,11,18
2018,9,18,45,50,49
2018,10,18,15,15,13
2018,11,18,54,51,53
2018,12,18,24,30,29
2018,1,19,41,49,46
2018,2,19,17,13,18
2018,3,19,49,46,49
2018,4,19,20,20,12
2018,5,19,50,42,46
2018,6,19,17,18,18
2018,7,19,46,44,42
2018,8,19,15,12,13
2018,9,19,54,58,53
2018,10,19,24,24,29
2018,11,19,53,52,51
2018,12,19,23,29,27
2018,1,20,50,48,42
2018,2,20,18,14,17
2018,3,20,50,45,46
2018,4,20,17,17,18
2018,5,20,47,45,42
2018,6,20,18,17,17
2018,7,20,48,47,47
2018,8,20,25,29,29
2018,9,20,53,57,51
2018,10,20,23,23,27
2018,11,20,53,59,53
2018,12,20,23,28,23
2018,1,21,49,47,47
2018,2,21,25,21,27
2018,3,21,47,44,42
2018,4,21,18,18,17
2018,5,21,48,46,47
2018,6,21,25,26,27
2018,7,21,55,56,53
2018,8,21,26,30,27
2018,9,21,53,56,53
2018,10,21,23,23,24
2018,11,21,54,60,56
2018,12,21,24,27,30
2018,1,22,58,56,51
2018,2,22,26,22,27
2018,3,22,48,43,47
2018,4,22,25,25,27
2018,5,22,55,53,51
2018,6,22,26,25,27
2018,7,22,56,55,51
2018,8,22,23,25,23
2018,9,22,54,55,56
2018,10,22,24,24,30
2018,11,22,51,55,52
2018,12,22,21,26,26
2018,1,23,57,55,51
2018,2,23,23,29,23
2018,3,23,55,52,51
2018,4,23,26,26,27
2018,5,23,56,54,51
2018,6,23,23,24,23
2018,7,23,53,54,53
2018,8,23,24,26,28
2018,9,23,51,54,52
2018,10,23,21,21,26
2018,11,23,52,56,51
2018,12,23,22,25,21
2018,1,24,56,54,53
2018,2,24,24,30,28
2018,3,24,56,51,51
2018,4,24,23,23,24
2018,5,24,53,51,53
2018,6,24,24,23,28
2018,7,24,54,53,52
2018,8,24,21,23,26
2018,9,24,52,53,51
2018,10,24,22,22,21
2018,11,24,59,53,51
2018,12,24,29,24,25
2018,1,25,55,53,52
2018,2,25,21,27,26
2018,3,25,53,60,53
2018,4,25,24,24,28
2018,5,25,54,52,52
2018,6,25,21,22,26
2018,7,25,51,52,52
2018,8,25,22,24,21
2018,9,25,59,52,51
2018,10,25,29,29,25
2018,11,25,60,54,51
2018,12,25,30,23,25
2018,1,26,54,52,60
2018,2,26,22,28,21
2018,3,26,54,59,52
2018,4,26,21,21,26
2018,5,26,51,59,60
2018,6,26,22,21,21
2018,7,26,52,51,51
2018,8,26,29,21,25
2018,9,26,60,51,51
2018,10,26,30,30,25
2018,11,26,57,51,57
2018,12,26,27,22,27
2018,1,27,53,51,51
2018,2,27,29,25,25
2018,3,27,51,58,60
2018,4,27,22,22,21
2018,5,27,52,60,51
2018,6,27,29,28,25
2018,7,27,59,60,51
2018,8,27,30,22,25
2018,9,27,57,60,57
2018,10,27,27,27,28
2018,11,27,58,52,52
2018,12,27,28,21,26
2018,1,28,52,60,51
2018,2,28,30,26,25
2018,3,28,52,57,51
2018,4,28,29,29,25
2018,5,28,59,57,51
2018,6,28,30,27,25
2018,7,28,60,59,51
2018,8,28,27,29,27
2018,9,28,58,59,52
2018,10,28,28,28,26
2018,11,28,5,9,10
2018,12,28,35,40,34
2018,1,29,51,59,51
2018,3,29,59,56,51
2018,4,29,30,30,25
2018,5,29,60,58,51
2018,6,29,27,26,27
2018,7,29,57,58,57
2018,8,29,28,30,26
2018,9,29,5,8,10
2018,10,29,35,35,34
2018,11,29,6,10,5
2018,12,29,36,39,35
2018,1,30,60,58,57
2018,3,30,60,55,51
2018,4,30,27,27,28
2018,5,30,57,55,57
2018,6,30,28,25,26
2018,7,30,58,57,52
2018,8,30,35,37,34
2018,9,30,6,7,5
2018,10,30,36,36,35
2018,11,30,3,7,9
2018,12,30,33,38,35
2018,1,31,59,57,52
2018,3,31,57,54,57
2018,5,31,58,56,52
2018,7,31,5,6,10
2018,8,31,36,38,35
2018,10,31,33,33,35
2018,12,31,34,37,35
2019,1,1,31,36,31
2019,2,1,2,1,10
2019,3,1,38,40,35
2019,4,1,5,8,1
2019,5,1,35,31,31
2019,6,1,6,10,10
2019,7,1,36,39,36
2019,8,1,3,10,8
2019,9,1,34,32,39
2019,10,1,4,1,9
2019,11,1,31,37,33
2019,12,1,1,1,9
2019,1,2,32,35,36
2019,2,2,9,10,8
2019,3,2,35,37,31
2019,4,2,6,7,10
2019,5,2,36,32,36
2019,6,2,3,7,8
2019,7,2,33,38,34
2019,8,2,4,9,9
2019,9,2,31,39,33
2019,10,2,1,10,9
2019,11,2,32,38,33
2019,12,2,2,2,9
2019,1,3,39,34,34
2019,2,3,10,9,9
2019,3,3,36,38,36
2019,4,3,3,6,8
2019,5,3,33,39,34
2019,6,3,4,8,9
2019,7,3,34,37,39
2019,8,3,1,8,9
2019,9,3,32,40,33
2019,10,3,2,9,9
2019,11,3,49,45,45
2019,12,3,19,19,15
2019,1,4,40,33,39
2019,2,4,7,7,8
2019,3,4,33,35,34
2019,4,4,4,5,9
2019,5,4,34,40,39
2019,6,4,1,5,9
2019,7,4,31,36,33
2019,8,4,2,7,9
2019,9,4,49,47,45
2019,10,4,19,18,15
2019,11,4,50,46,44
2019,12,4,20,20,19
2019,1,5,37,32,33
2019,2,5,8,8,10
2019,3,5,40,40,33
2019,4,5,7,4,7
2019,5,5,31,37,33
2019,6,5,2,6,9
2019,7,5,32,35,33
2019,8,5,19,16,15
2019,9,5,50,48,44
2019,10,5,20,17,20
2019,11,5,47,43,42
2019,12,5,17,17,18
2019,1,6,39,31,34
2019,2,6,15,15,18
2019,3,6,37,33,37
2019,4,6,8,3,10
2019,5,6,38,38,34
2019,6,6,15,13,18
2019,7,6,49,44,45
2019,8,6,20,15,20
2019,9,6,47,45,42
2019,10,6,17,16,18
2019,11,6,48,44,43
2019,12,6,18,18,13
2019,1,7,48,50,42
2019,2,7,16,16,15
2019,3,7,38,34,34
2019,4,7,15,12,18
2019,5,7,45,45,42
2019,6,7,16,14,16
2019,7,7,46,43,46
2019,8,7,17,14,18
2019,9,7,48,46,43
2019,10,7,18,15,13
2019,11,7,45,41,43
2019,12,7,11,15,11
2019,1,8,47,49,46
2019,2,8,13,13,17
2019,3,8,45,41,42
2019,4,8,16,11,16
2019,5,8,46,46,45
2019,6,8,13,11,17
2019,7,8,43,42,41
2019,8,8,14,14,17
2019,9,8,41,43,41
2019,10,8,11,14,11
2019,11,8,42,42,44
2019,12,8,12,16,18
2019,1,9,46,48,41
2019,2,9,14,14,17
2019,3,9,46,42,46
2019,4,9,13,20,17
2019,5,9,43,43,41
2019,6,9,14,12,17
2019,7,9,44,41,41
2019,8,9,11,11,12
2019,9,9,42,44,44
2019,10,9,12,13,18
2019,11,9,49,49,42
2019,12,9,19,13,16
2019,1,10,45,47,41
2019,2,10,11,11,12
2019,3,10,43,49,41
2019,4,10,14,19,17
2019,5,10,44,44,41
2019,6,10,11,19,11
2019,7,10,41,50,41
2019,8,10,12,12,18
2019,9,10,49,41,42
2019,10,10,19,12,16
2019,11,10,50,50,49
2019,12,10,20,14,20
2019,1,11,44,46,41
2019,2,11,12,12,18
2019,3,11,44,50,41
2019,4,11,11,18,11
2019,5,11,41,41,42
2019,6,11,12,20,18
2019,7,11,42,49,44
2019,8,11,19,19,16
2019,9,11,50,42,50
2019,10,11,20,11,20
2019,11,11,47,47,41
2019,12,11,17,11,15
2019,1,12,43,45,44
2019,2,12,15,17,16
2019,3,12,41,47,41
2019,4,12,12,17,18
2019,5,12,42,42,44
2019,6,12,19,17,16
2019,7,12,49,48,42
2019,8,12,20,20,19
2019,9,12,47,49,41
2019,10,12,17,20,15
2019,11,12,48,48,41
2019,12,12,18,12,15
2019,1,13,42,44,42
2019,2,13,16,18,12
2019,3,13,42,48,44
2019,4,13,15,16,16
2019,5,13,49,49,42
2019,6,13,20,18,20
2019,7,13,50,47,50
2019,8,13,17,17,15
2019,9,13,48,50,41
2019,10,13,18,19,15
2019,11,13,55,55,56
2019,12,13,25,29,25
2019,1,14,41,43,46
2019,2,14,13,15,15
2019,3,14,45,45,42
2019,4,14,16,15,12
2019,5,14,46,42,46
2019,6,14,13,15,15
2019,7,14,47,46,41
2019,8,14,18,18,15
2019,9,14,55,57,55
2019,10,14,25,28,25
2019,11,14,56,56,52
2019,12,14,26,30,28
2019,1,15,50,42,41
2019,2,15,14,16,13
2019,3,15,46,46,45
2019,4,15,13,12,15
2019,5,15,43,49,41
2019,6,15,14,16,15
2019,7,15,44,45,41
2019,8,15,25,25,26
2019,9,15,56,58,52
2019,10,15,26,27,28
2019,11,15,53,53,60
2019,12,15,29,27,26
2019,1,16,45,49,49
2019,2,16,21,23,29
2019,3,16,43,43,41
2019,4,16,14,11,13
2019,5,16,44,50,49
2019,6,16,21,23,29
2019,7,16,51,54,53
2019,8,16,22,30,28
2019,9,16,59,55,60
2019,10,16,29,26,26
2019,11,16,60,60,56
2019,12,16,30,28,30
2019,1,17,54,58,53
2019,2,17,22,24,27
2019,3,17,44,43,49
2019,4,17,21,30,29
2019,5,17,51,57,53
2019,6,17,22,25,27
2019,7,17,52,51,52
2019,8,17,29,27,26
2019,9,17,60,56,56
2019,10,17,30,25,30
2019,11,17,57,57,59
2019,12,17,27,25,25
2019,1,18,53,57,51
2019,2,18,29,21,23
2019,3,18,51,52,53
2019,4,18,22,26,27
2019,5,18,52,58,51
2019,6,18,29,24,22
2019,7,18,59,60,58
2019,8,18,30,28,30
2019,9,18,57,53,59
2019,10,18,27,30,25
2019,11,18,58,58,57
2019,12,18,28,25,23
2019,1,19,53,54,53
2019,2,19,28,30,28
2019,3,19,52,51,51
2019,4,19,29,23,23
2019,5,19,59,55,53
2019,6,19,30,23,30
2019,7,19,60,59,56
2019,8,19,27,25,26
2019,9,19,58,53,57
2019,10,19,28,29,23
2019,11,19,55,55,53
2019,12,19,25,24,27
2019,1,20,54,53,56
2019,2,20,25,27,26
2019,3,20,59,60,53
2019,4,20,28,24,28
2019,5,20,60,56,56
2019,6,20,27,22,26
2019,7,20,57,52,52
2019,8,20,28,26,23
2019,9,20,55,52,53
2019,10,20,25,28,27
2019,11,20,56,56,51
2019,12,20,26,23,25
2019,1,21,51,52,52
2019,2,21,26,28,21
2019,3,21,58,59,52
2019,4,21,25,21,26
2019,5,21,55,59,52
2019,6,21,26,21,21
2019,7,21,58,51,51
2019,8,21,25,23,27
2019,9,21,56,51,51
2019,10,21,26,30,25
2019,11,21,53,53,57
2019,12,21,23,22,27
2019,1,22,52,51,51
2019,2,22,23,25,25
2019,3,22,55,58,52
2019,4,22,26,22,21
2019,5,22,56,60,51
2019,6,22,23,30,25
2019,7,22,53,60,51
2019,8,22,26,24,25
2019,9,22,53,60,57
2019,10,22,23,27,27
2019,11,22,54,54,53
2019,12,22,22,21,26
2019,1,23,59,60,51
2019,2,23,24,26,25
2019,3,23,56,57,51
2019,4,23,23,29,25
2019,5,23,53,57,51
2019,6,23,24,29,25
2019,7,23,54,59,51
2019,8,23,21,29,27
2019,9,23,52,59,52
2019,10,23,22,28,26
2019,11,23,9,9,10
2019,12,23,39,40,36
2019,1,24,60,59,51
2019,2,24,21,23,27
2019,3,24,53,56,51
2019,4,24,24,30,25
2019,5,24,54,58,51
2019,6,24,21,28,27
2019,7,24,51,58,57
2019,8,24,22,30,26
2019,9,24,9,8,10
2019,10,24,39,35,36
2019,11,24,10,10,5
2019,12,24,40,39,35
2019,1,25,57,58,57
2019,2,25,22,24,26
2019,3,25,54,55,51
2019,4,25,21,27,27
2019,5,25,51,55,57
2019,6,25,22,27,26
2019,7,25,52,57,52
2019,8,25,39,37,36
2019,9,25,10,7,5
2019,10,25,40,36,35
2019,11,25,7,7,9
2019,12,25,37,38,35
2019,1,26,58,57,52
2019,2,26,39,31,34
2019,3,26,51,54,57
2019,4,26,22,28,26
2019,5,26,52,56,52
2019,6,26,39,36,36
2019,7,26,9,6,10
2019,8,26,40,38,35
2019,9,26,7,6,9
2019,10,26,37,33,35
2019,11,26,8,8,9
2019,12,26,36,37,35
2019,1,27,5,6,10
2019,2,27,40,32,35
2019,3,27,52,53,52
2019,4,27,39,35,34
2019,5,27,9,3,10
2019,6,27,40,33,35
2019,7,27,10,5,5
2019,8,27,37,35,35
2019,9,27,8,5,9
2019,10,27,38,34,35
2019,11,27,5,5,1
2019,12,27,35,36,31
2019,1,28,6,5,5
2019,2,28,37,39,35
2019,3,28,9,2,10
2019,4,28,40,36,35
2019,5,28,10,4,5
2019,6,28,37,32,35
2019,7,28,7,4,9
2019,8,28,38,36,35
2019,9,28,5,4,1
2019,10,28,35,31,31
2019,11,28,6,6,10
2019,12,28,36,35,36
2019,1,29,3,4,9
2019,3,29,10,1,5
2019,4,29,37,33,35
2019,5,29,7,1,9
2019,6,29,38,31,35
2019,7,29,8,3,9
2019,8,29,35,33,31
2019,9,29,6,3,10
2019,10,29,36,32,36
2019,11,29,3,3,8
2019,12,29,33,34,34
2019,1,30,4,3,9
2019,3,30,7,10,9
2019,4,30,38,34,35
2019,5,30,8,2,9
2019,6,30,35,40,31
2019,7,30,5,2,1
2019,8,30,36,34,36
2019,9,30,3,2,8
2019,10,30,33,39,34
2019,11,30,4,4,9
2019,12,30,34,33,39
2019,1,31,1,2,1
2019,3,31,8,9,9
2019,5,31,5,9,1
2019,7,31,6,1,10
2019,8,31,33,31,34
2019,10,31,34,40,39
2019,12,31,31,32,33
